tweet_id,text
1509474,@116130 is there any way how to import playlists from iTunes into spotify? Importing via File =&gt; import playlists is doing nothing :(
2308417,"The iOS @115888 app is the worst, just gonna go back to Amazon Music"
466046,"@SpotifyCares Millions of people wake up to alarm clocks on their phones everyday. So why not have them wake up to their favorite tune? Pandora, Apple Music have it so I think it's time we get on it too!"
2754895,@SpotifyCares why can I not update my payment information due to card number change?
852684,"When @115888 update stuff on their system, wipe your profile wacking some randoms songs on there and all yer stuffs missing 😣 #nothelpful"
2580721,@SpotifyCares do you still have a driving mode?
857988,@SpotifyCares Thanks yeah it comes up with a blue strip that says 'This song is not available. If you have the file on your computer you can import it.'
1921435,@SpotifyCares Any idea when you guys can get his mixtapes?
2964664,feature request for @115888: block christmas music. call me a scrooge all you want but this noise is trash and it’s not even december.
2497016,why isn't golden on spotify i'm tired of hearing it on youtube
292965,@SpotifyCares Thank you!
115315,@115888 I’ve reached out several times about being charged $9.99 instead of getting my college discount. It’s been almost three months and I haven’t had a response... can someone help?
1821106,"@SpotifyCares Lenovo Thinkpad, Windows 10, Spotify version 1.0.65.320.gac7a8e02"
1127617,I wanted to play @3212's new song but Spotify app won't let me and I'm super annoyed lol
2289758,@115888 internal search is really weak e.g can’t search lyrics too arbitrary
1460702,@SpotifyCares I have already applied for an internship in Boston.  I am just curious if I can do volunteer programming to show support @SpotifyCares
2337265,@SpotifyCares YES MAKE IT HAPPEN 👏🏽👏🏽👏🏽
1785813,@SpotifyCares  Why are none of @33680's songs playing on spotify. Only music that features Aldean is playing.
1906054,"@SpotifyCares hi, I paid for my premium account yesterday, but it still says spotify is offline at the moment."
2721864,@117168 Any plans for an official Mel Tillis RIP Playlist?
2813973,@SpotifyCares everything ok thank you
1097489,@115888 how do we get the clean versions of our music...? https://t.co/y4tDyO88PO
1517689,I don't get why @115888 can't have a Jamaica Top 50 or a Trinidad Top 50. They have a Singapore Top 50 and that's a city.
55247,@SpotifyCares Will check and let you know. Thanks :)
1832633,"@SpotifyCares My phone is a Huawei P8 with 5.0.1 Android version.
Spotify 8.4.23.784
Thanks."
2877418,I got charged for student premium check my account and subscription is still free @SpotifyCares @115888
1371861,Hey @115888 get your shit together I'm missing out on episode 1 of @439305 over here
226784,"@SpotifyCares Should also point out that https://t.co/0VsQUdEztq connects fine and all other sites are coming up fine, just https://t.co/MBkDfYl2Xy isn't."
1222453,@SpotifyCares my account has been hacked and the email has been changed. Can you help me quickly?
1877357,@SpotifyCares We should get phone notifications for new releases from bands we follow
1587579,@453754 @116130 @SpotifyCares You’d think the big boys like Spotify would’ve been ready for the release
1910750,@SpotifyCares Sure!
819593,credit where credit's due - @SpotifyCares did respond! https://t.co/U2D6DGaN6P
2964652,Why it’s not on @115888 the new @118062 album #reputation? 👎🏻
1884733,@SpotifyCares no help in 3 weeks! Could I get real customer service?? This isn’t right .
572088,"@115888 Just tapped your popup for the 1 year $99 thing, redirected to a page as to why I should get it, but no where to purchase. A+ design"
2917820,"@SpotifyCares Both on the android app. I've upgraded apps, upgraded phones. I've avoided using battery saving mode, I did everything you guys respond with but it's a faulty app idk what to say"
1459962,"@458873 @115888 Hmm. 🤔 The song is still there when I search and plays fine, but not listed as part of the album (as it’s been every time before). https://t.co/cH5b4NcpOQ"
2283760,@SpotifyCares Thanks for your reply
2218784,"@SpotifyCares This is an Ad, has nothing to do with the version of Spotify Im using :)"
1613867,"@SpotifyCares Is it true that I have to remove downloaded songs one by one, or remove all of them at once by deleting and reinstalling the app?"
2047617,"@SpotifyCares 8.4.23.784 armV7
I'm going to try again with android 'battery optimization' disabled for spotify."
2596622,"@SpotifyCares No, it still isn’t listed."
522723,"Hey @115888 you missed a song on a blink 182 sound track, what went wrong is not on it! @240745 make them add it please."
2337400,@115888 Why is your desktop app so shitty? It won't load artists or songs or playlists or anything. Its a useless piece of garbage. plz fix
1825334,@115888 pls stop putting covers on my discovery weekly playlist it is NOT helping me discover things weekly
496147,@233346 @115888 It's working on the web player at the moment. I'll just use this until I can troubleshoot with the app. I never think of using the web player to be honest.
2497533,@SpotifyCares my bank statement says that my payment went through but I still can't use Spotify premium features :(
2942705,spotify needs an option to block certain artists so you never have to hear them on random playlists @115888
2377287,"@SpotifyCares my sisters phone is very broken so I can’t get a screen shot of hers, but this is mine and her downloaded page is above podcasts and below artists https://t.co/ncW0VAfi90"
543134,@115888 why can’t I play “People are crazy” by @24784 ? I’m not mad. Just disappointed.
2707009,"@SpotifyCares Hey there, did you receive my DM? I really do need your help! 👀 thanks!!!"
149359,Dear @115888 I’d really appreciate if you will also release the #MicDropRemix without Desiigner. Kthanks.
671397,Where is the search options? @SpotifyCares https://t.co/MZ7FsOrZLD
967402,"@115888 Arghhh I’m having password problems... again! Tried the reset, no joy! Help; I need music!"
1275672,@SpotifyCares please check your DM
2823488,"@SpotifyCares @127637 Hello, I've got  a problem to join a Spotify family account, error message: ""600 - Oups ! Une erreur s'est produite. Réessayez plus tard."" Can you help me?"
1599862,Thank you people of @SpotifyCares
2095180,@SpotifyCares Is there at least some sort of timeframe of when it might get supported? The black bars are not very appealing for the gorgeous display of the iPhone X.
2414544,Pinapatulog na ako ng spotify. @SpotifyCares talaga. https://t.co/dU9I8WCpDA
804184,"@SpotifyCares I must have not re-signed up as a student for my account &amp; im wondering if I can be refunded for the charge, &amp; then re-charged"
79462,"@115888 Hang on a second, I’m paying £14.99 a month for family membership, been a subscriber for years..... where’s my ‘deal’?."
857,"@SpotifyCares Yes, multiple times. No changes. I am Premium User an when @115890  send us users to Spotify there should be a bugfree running App 🤨"
2536624,"@115888  is spotify programmed to turn on and start playing the same time everyday, because mine seems to do that"
662937,wondering why taylor didn't put rePUTAtion on spotify yet @118062 @115948 @117168
189933,"@115888 Will we be able to pay a little more to get no ads on Hulu, with this plan?"
2736565,"@SpotifyCares I am having trouble adding my wife to my Family account. Both of signed up using Facebook, but when we try logging in using the ""Log in using Facebook"" button, we get an error telling us that we do not have a Spotify account connected to our Facebook account. https://t.co/3cxjO9enSW"
2965842,@SpotifyCares I also Uninstalled and reinstalled the app this morning which didn't help
441996,"@SpotifyCares Thanks God, everything is ok, enjoying good music ;)
Just a random thought, usually I like to setup 2FA on all services I use."
737374,"@SpotifyCares Hello, guys
It is 8.4.22.857 armV7 

I hope I can help you https://t.co/czkXpxGXEb"
2495604,@SpotifyCares I am also unable to login through my television to play music throughout my home. Please advise.
1444689,"@SpotifyCares Software version 8.4.20.535 I am pretty sure it has never worked properly, but I may have gotten more mixes lately. They just don’t refresh."
2307198,@117153 hi I should have spotify premium for a year with my Vodafone I got with my upgrade. Trying to sort this out but seems to just keeps offering me a free trial or to upgrade when I should already have it??? Thanks michaela x
715289,@SpotifyCares Sent a DM
1093431,"@SpotifyCares I can’t say it wasn’t in tune. :-) But generally, it’s always good stuff I’ve never heard or interesting covers. It wasnt a complaint at all"
2471096,"Why is Spotify's default mode for playing playlists on the iOS app ""Shuffle"" (there's a giant green button)? I don't like hearing my Operas in random order!"
2939722,@SpotifyCares Thanks in advance for your time! :-)
1423844,"@SpotifyCares nope, didn't work"
563518,@SpotifyCares hi my premium account was stolen and had the email changed without my permission and I would really appreciate some help with this
2447644,@115888 when is the update for the iPhone X coming? 😔
1943530,@SpotifyCares someone else's account is listed as the artist of my music...please help me fix this issue! Thanks.
2913842,@SpotifyCares hey there i cant use search it does not work can you help? Im on ios 11.1.2 iphone 7plus and latest spotify
877443,"@SpotifyCares Nope, just stops my song, connects to webplayer and plays some random stuff. Despacito was the latest one ahaha"
1334571,@SpotifyCares I'm quite tired to use the long way to share the song. Before this i can use the simple way where i can share direct and w/o share via link
634022,@SpotifyCares This should just be one song. It contains multiple songs on spotify. https://t.co/jiYHnk02qr
2528335,"Accidentally signed up for spotify student premium on my friends account, got charged, cancelled, and now I can't get it myself @SpotifyCares"
2312907,@SpotifyCares Appreciate it.
80943,IS MISS YOU ALREADY AVAILABLE ON SPOTIFY??
1147127,@SpotifyCares Hi I have the Spotify Family Plan. Is there any future plans to allow to invite more family members.
476531,@SpotifyCares Really? It opens pretty easily for me. Try this one  https://t.co/B2ttM0mYQv  and look for Spotify Music. Your app has 4 trackers in it. It's not acceptable!
2153144,@SpotifyCares What about Albums the same happens in a Album as well?
496132,@SpotifyCares Done
2289630,a petition to bring jay z's albums back on spotify that would be nice good stuff right there 👍 @115888 @3243 @SpotifyCares
466829,"@115888 So when are you finally getting the whole #KingCrimson  catalog, please?"
38969,"@SpotifyCares https://t.co/s5wVyP2vKf labeled as Breezeblocks but is actually Fitzpleasure https://t.co/gpvecBA8UJ
Thanks so much!"
2674463,@115888 is #reputation gonna be available soon? :(
438414,@SpotifyCares Thank you🤗
832538,"@SpotifyCares Drain Sth's song ""Crack the Liar's Smile"" is named ""Crack the War's Smile"" incorrectly.
 Just FYI."
831871,@SpotifyCares Thank you! Appreciate the reply #IsThatForMe
1884094,@SpotifyCares i paid for a premium family plan it doesn't work in my app but it works in my husbands.i tried w the TS but is not working.
494237,@115888 why is it that when I click to watch the ad to get 30 minutes of ad-free music do I only get 18 and a half? Your ads tell me that I will get 30 minutes. If thats not the case then advertise for 18 and a half minutes of ad-free music instead of 30
1118832,"@SpotifyCares , Why is it that my account was charged 9.99 , but I no longer have premium. (I have bank statements to prove)"
497748,Hey @115888 where is my top 100 songs of 2017 playlist???
207223,@115888 I've noticed you can pay premium as a one off yearly payment can you do the same with the family one if so what's the cost?
2595648,@SpotifyCares hello. I have a $10 charge on my card even though I have an active student account which is $5 a month. Why?
86406,@SpotifyCares I have to restart the app 4 times every time to get past these loading screens. Really frustrating loading times. Don't think I'm getting a premium product for premium pengar https://t.co/msMlh4LBCb
1271333,@115888 why @16832 ain't too long mixtape not playing ; y'all hoes betta fix dis shit
1081102,"My @115888 created a ""Time Capsule"" playlist for me and I am pissed I couldn't think of such perfect playlist myself.. lol #wokeUpwithMusic"
1222136,@SpotifyCares Album that should be on separate page: https://t.co/vaz3lL8gyE
653089,@SpotifyCares why do the new type of ad's always skip like 5 songs when listening to a playlist?
2508323,"@SpotifyCares I belong to premium for family, but my phone reset all the apps,I can't access to my premium acct I can't listen what I want plus I have to listen the ads.I got the invitation from My brother but when I sign in takes me to the same account. What can I do?"
1991925,"@SpotifyCares I’m logged in the app but can’t remember the email, username or password to my account??"
1520699,It's playing He Like That but it says this. @SpotifyCares fix it. Why does your Teen Party Play List say this when I play 5h? https://t.co/cACVVMkBDn
2460883,Um?? What is this and why can’t i find tickets anywhere??? @115888 @5515 https://t.co/fGLOKiMGRU
2862713,@SpotifyCares There are some rumours here in Romania regarding your service launch on 28 november. Even the press related about this!
1520689,@SpotifyCares It worked 😤👌
365736,@115888 @SpotifyCares what happened to aj Tracey- LA4AWEEK Was on spotify but isn't now 🤷🏻‍♂️
1874901,@115888 why is my account only playing suggested songs? if i wanted to find new songs I'd be on discover not a playlist I made.
2461402,@125633 @SpotifyCares I've still had no response a week later and gig still not appearing on my profile - can you help? 🙏🏻 https://t.co/Ze43CyfzMB
1278274,@SpotifyCares when using the app through android auto I don't get any sound even though song is playing. Any ideas?
2691965,@SpotifyCares Does that mean I can't tailor the adverts then?
2639837,@115888 Why isn’t Perfect Velvet by Red Velvet not on your app?
1383419,@SpotifyCares It’s happening through both of them and I haven’t.
563494,"@115888 I can't sign into my account. When I type my email address in to reset my password, it keeps telling me that it's an invalid email. Please help!!!!"
2552637,@SpotifyCares I hope so. It's my favorite album 😔
1017926,"@SpotifyCares Yes I confirm. Used macbook pro osX.12.6, mac mini osX.11.6 . Could it be an account problem? I can provide you my logins in DM"
2789427,@SpotifyCares Im using an iPhone 8 iOS 11
452082,@116130 having exactly the same sound issue as these folk... https://t.co/yGrfqH5bxz Any idea how to fix?
2080914,@SpotifyCares I listen to santan dave a lot and his show goes on Spotify premium presale tomorrow but I haven't got an email with a code
2663451,"I need ""Make me wanna"" by @66577 on @115888 right noooooooow 😭🙏"
269193,@115888 how you gonna remove the song previewing feature? My broke ass now has to use my skips to find new artists in your playlists🤧
1829758,@SpotifyCares @549077 I didn't get one :(
792234,@117153  parayı çekiyorsunuz hesabı yükseltmiyosunuz bu mu hizmet?
1024769,@115888 This is not helpful. https://t.co/62VPHlK94i
1565384,@115888 any problems in my area not allowing Spotify to load please?
1337494,"Good morning, @SpotifyCares! Having trouble changing my Country to US (moved from Spain). Already updated my payment to a US debit card."
820227,@SpotifyCares 8.4.22.857 and I dont remember what the ad was but it was in Spanish. Your app smokes Pandora either way.
1821363,hey @115888 - just because i listened to ‘the impression that i get’ last week doesn’t mean i want ska on my discover weekly. love u tho ❤️
982455,@SpotifyCares Spotify doesn't appear on the lock screen or control panel in the latest ios update. Please help
1409996,.@115888 The @2662 ad where dog has called in runs every commercial break. Please fix.
2114185,@SpotifyCares Yeah your algorithm sucks. I listen to them all day everyday on Spotify. But it’s okay i guessed the code and got tickets 🤗
2026490,@125633 @260269 @68202 add my album on your playlist thanks
2960664,@115888 there needs to be an option to combine your playlists together
2072939,.@SpotifyCares @117168 Why can't I connect my facebook account to my Spotify?
2674435,@SpotifyCares How to change the language of mail I get?
2055429,"@SpotifyCares Hi, how can I get rid of all radios in my most recent played section? It's quite annoying to see them there..."
729283,@115888 I were charges for premium but my account still free. student price. https://t.co/SphQBcG7B5
2198101,Groove Is In The Heart keeps playing randomly on my Spotify and has done for weeks. It’s a tune but it’s driving me mad. Plz help @116130
1568335,@SpotifyCares I finally made it work but I had tonuse several workaround.... i had to use a special webmail that shows the link to make it work
1512306,I wish spotify wasnt bing a bitch so i can listen to it https://t.co/QgrolcZIey
567983,"Hey, @115888 I'm late to the party here, but why on earth is your Roku app such a disaster? It's just worthless, you're killing me."
1929863,@228977 @515334 @574285 @574286 @574287 @56106 @115888 It is really frustrating that @SpotifyCares doesn't respond to the people who provide content for its platform :(
2487412,"@115888 your anoying ""suggested songs"" interrupting my playlists is going to make me switch back to @129941"
171097,Has anyone else noticed this on @115888  ? Are they involved with Hawkins ? Jk lol but Spotify stay woke 😂 https://t.co/jHofMtQ686
2826950,"@SpotifyCares Everytime i buy the special offer, .99/3 months it wont load.  I click buyy now, entered and agreeed to not living in quebec and then click get premnium.  I then procced to PayPal, it load, i click pay now and it send me back to the origianl get premnium plans."
1033325,@SpotifyCares Thank you😊😊     I'm from Croatia
450059,@115888 @SpotifyCares why does my music stop playing when I go on twitter or get Snapchat notifications???
2294409,"Why doesn't @115888 have a Shazam-like plugin to listen, identify &amp; then ADD a song to a playlist... #YoureWelcome #RoyaltiesAccepted 😉"
1372116,"What does Spotify hope to accomplish by making their commercials loud as fuck? Yes, I’m talking to you @115888"
1556429,@SpotifyCares Thanks - you seem to have all other Morrissey content so fingers crossed won't be too hard to get hold of!!
1739255,@SpotifyCares Favourite emoji: 💩 or 💩 ? #introfundays
2037581,"@SpotifyCares Hello, I️ have an account that I️ forgot my password and email too. My user name is kelleeed. Can we resolve this issue?"
859673,@115888 bring the homie Touch Preview Back =(
310863,@115888 can u get LAY's new album up already im waiting
1403667,"@SpotifyCares I apologize, but my problem is back. It was shuffleing my songs this morning on my way to work, but now it is not working again for whatever reason. It’s doing the same thing as before where the shuffle light goes off as soon as the song changes.  Please help!"
987355,@115888 needs an update. Crashing on Pixel XL when sharing a track
1076728,.@SpotifyCares I've been following https://t.co/iLKP4qgDEm for a while and the album is still unavailable. Is that @46582 or your system?
1546467,"@SpotifyCares Thank you, top quality service as normal. Have both voted and commented."
2291111,@SpotifyCares Nope just crashes goes back to home screen
2824403,@SpotifyCares thanks a lot!
2550020,@SpotifyCares + create a new one where I have to add all family members again?
1184208,"@SpotifyCares Thank you, I'll do just that."
1627435,"@SpotifyCares Very similar thing on MacOS, here’s a video. iOS 11.1, iPhone 7. https://t.co/Di3c8kWnoB"
130399,@115888 may kinalaman ba kayo sa pag undownload ng mga songs ko? Stressed download ulit. Gigil
2139020,I wish you could block an artist on @115888 because there are some it thinks I should like .... and I do not.
2210945,Waiting on @115888 to issue their iPhone X app update like https://t.co/8trMxtIAyo
844327,"@116380 @SpotifyCares Apparently they do not actually care because they haven't replied yet.

My girlfriend came up with that FYI. Not happy tho fam"
2296585,@115888 what’s the point in paying for this shit https://t.co/szmzjkQZIG
2153128,@SpotifyCares Still nothing...
368877,@SpotifyCares Hi. How do you clear the queue on the desktop app? Thanks.
1473907,@SpotifyCares Bless u partner
863710,@SpotifyCares Is there any way to preserve what offline songs and playlists I currently have downloaded on my phone? Not interested in losing 5+GB of songs I currently have synced.
2601580,What's going on... My @115888 @116130 app has deleted all my downloaded tracks...and not for the first time
1427784,@115888 when will Taylor Swift’s reputation come out on Spotify?
2618557,When is #reputation gonna be on @115888 ??? @118062 this is ridiculous. 😡
2917825,@SpotifyCares God bless
1042609,.@115888 why did you remove one step at a time by jesus christ's reincarnation miss jordin sparks from your library this is homophobic
2493994,"It would be great as a college student who studies German, it would be amazing to have more access to Deutsche Musik on @115888!"
2310345,@SpotifyCares Sure thing
2876120,"@SpotifyCares hi, i just created a spotify account and it doesnt give me the 7 day trial premium option, why?"
1023304,@SpotifyCares I'm having a problem with my account. I'm using Spotify online on my laptop
2398321,@SpotifyCares @115888 I can deal with the adverts you make us listen to every 30 minutes but when those 30 minutes are spent listening to ‘suggested tracks’ that I cannot skip it becomes a bit of a joke 🙄
2681220,@SpotifyCares No dice. Same problems.
981139,@SpotifyCares United States last I checked
482473,@SpotifyCares Same thing 😩 cleared browsing history and cache in Chrome and didn’t work. Tried in Firefox and still shows the same stuck screen..
2832293,how are we almost in 2018 and @115888 still hasn't made a miniplayer????
39753,Extremely unhappy w/ current performance of @115888 app on Apple iOS 11. Almost impossible to use service I pay for. Sad! @SpotifyCares
499235,@234224 @SpotifyCares Ugh. It’s like rewriting history. They do the same thing with ‘remasters’... the original album is interspersed with remastered or re-recorded tracks. See Megadeth’s Rust In Peace as an example.
1003765,@SpotifyCares The problems seems to be solved. The most strange thing is that I just did the restart on my Mac and it was unsuccessful.
609650,@SpotifyCares I have not but I’m about to! Thanks!
2764551,"@115888 Jika saya ingin merelease email dr akun spotify yg digunakan pada saat mendaftar dgn FB, agar saya bs mendaftar ulang menggunakan email tersebut sbg dedicated akun spotify bagaimana caranya?"
1096191,@115888 I’d like to see a feature where I can view album covers larger. They’re art and they deserve the attention they were intended for.
2913920,@115888 @SpotifyCares yesterday i was listening to These Girls by @276220 on Spotify but i noticed that it sound different that the one on YouTube. Can you guys fix it ?
1400831,@117153
2677485,@SpotifyCares I’m going to to do and see what happens.... if not works I’ll writing to you again. Thanks
1965555,"@115888 being 110% on target for that service, I really hope Spotify HIFI steps out of beta soon so I can subscribe to that. Invite plz?"
1768390,@SpotifyCares  https://t.co/Ep5oGMa1K1
64361,Can @116130 do a special tariff for people who work full time and still can't afford £9.99 a month 🤔
145942,"@115888 When will you step up and be available in Serbia, I’m trying to catch up with BTS. https://t.co/jFAXJK1UIt"
2720682,@SpotifyCares I just opened a family account. I saw free movies baths pop up on my feedmore than once. How do fix this?
1277343,"@SpotifyCares Mac + Chrome. And FYI it's been happening for the past few days, so I don't think it's a momentary bug."
2595616,@SpotifyCares can you give the option to scroll through the Popular songs? Switching from Napster and I liked this feature. https://t.co/AXMn7yqPS7
2792141,@115888 youre garbeg servers arent fucking working fix them please
1840914,@115888 yes hello my music randomly pausing and I'm ready to throw hands
2594617,"@SpotifyCares Hulu says ""We’re having trouble authorizing your account with Spotify. Please contact Spotify support to help resolve this issue."" I'm Have a student account.. Please help !"
2969663,"@SpotifyCares first off, you are very late. i messaged you over an 30 minuets ago; very disappointing.   anyways, my question is how did the picture change? is this some sort of secret witchcraft you have? i need answers &amp; i need them now!"
2637113,@SpotifyCares it's the only cover and a new album honestly I'll just wait till it autofixes someway magically or an update? idk. sad.
866314,"@SpotifyCares  Hello, I changed my email on facebook but it's still showing up as my old one on Spotify. How do I fix this?"
2736544,@SpotifyCares it's been a week
113837,@SpotifyCares I think Im missing the point. That article doesn’t say anything about iTunes or how to move songs added through iTunes to playlists :-(
89533,"@115888 Hi spotify, you charged me IDR49.990. This ad clearly said IDR4. 999. What happen?"
945745,@115888 is the option to remove/block a follower available yet?
1859321,@SpotifyCares my spotify won't play Mastodon. Computer or phone. What gives?
89456,"@SpotifyCares That definitely worked it out, thank you!!"
1900366,hey @115888 ur cute and all but why is Lindsay Lohan’s certified diamond album Confessions of a Broken Heart not available for streaming
714859,@SpotifyCares do you guys/gals. still make improvement to android wear?
1557085,@115888 why did you remove the playlist feature on the @127972 app?
2616747,@SpotifyCares It's a Haivision IPTV network serving a few thousand users.
591461,@SpotifyCares can i transfer it? help me. how can i do that?
6547,@117153 @SpotifyCares Honestly I'll settle for like a free subscription or a sick Spotify tee
1257196,"@118266 please fix this. His name is not Harry Style, it’s Harry Styles. And the song is called Two Ghosts, not Two Ghost https://t.co/OKdhtfttqS"
623001,@115888 Cant pay in any way possible
79457,"@115888 Ugh, I paid £9.99 for three months last week."
2276897,"@SpotifyCares the new iOS11 update has ruined Spotify at the moment, it constantly skips songs, fast forward/skips ten seconds at a time and turns on and off - are you aware and is there a fix?"
1796739,@SpotifyCares why did my account downgrade after two days of premium service
1403670,"@SpotifyCares When I am connected by bluetooth in my Mazda CX-5, I can play a song on my playlist and also select the shuffle songs button, however once the song changes the shuffle light goes off on its own and it just plays the next song that is in the playlist."
1857574,@SpotifyCares So I am currently trying on my iPhone 7 with OS 11.0.3. I have also tried listening using my MacBook Pro with OS High Sierra 10.13.
494245,@115888 when do we get our Top Songs of 2017 playlists? Best part of the year 😛
2752826,@SpotifyCares No pending updates.
61170,@115888 please dont play ads with sound at the bottom of your web player while I'm trying to listen to down with the sickness.
2110208,@SpotifyCares it does not work! What happened!!???Just stay charging! :( https://t.co/VuAe6G6ynU
2795561,Every time I update Spotify I'm hoping for touch preview to be brought back... every time I'm disappointed. I thought we were friends @115888
864543,@spotifycares I can’t get any @325330 to play. The tracks show up but you can’t do anything with them. Already tried restarting.
1338276,"@SpotifyCares If it helps: I'm getting infinite reload permanently, and it runs through about 5 songs then just stops responding."
993656,@SpotifyCares It's a design thing. It happens every time I try to chromecast. Adding more robust chromecast support would see me use @115888 again.
2797353,@SpotifyCares Help please?  Sent my wife the invite for joining our premium families my plan but she gets an error message?  Help?
633713,@SpotifyCares I signed up for the 30 day trial but was charged after 7 days!? Help! Thank you:)
2610846,@118266 @SpotifyCares please help release it asap in indonesia thank you ✌
1965554,@SpotifyCares Done 👍🏻
2347876,@SpotifyCares Nvm thank you spoke to an agent on the chat you guys have thanks for the help guys!
499261,"@SpotifyCares hey, I pay for spotify premium and every other week, sometimes twice a week all my music undownloads."
2259588,¡Gracias! https://t.co/ougmLaiGtT
2456272,@117168 why won’t you take my money and just accept my card info 😭
2289767,@115888 Hello. I have been given a gift of 3 months Spotify premium but the code is saying invalid for this country? How can I make it work?
2295014,@115888 Where should I request music to be added to Spotify?
669339,@115888 why are my songs skipping randomly
1374252,@SpotifyCares I'm using xiaomi redmi 3s. But it happens also when I'm listening from the website😥
2315974,"@SpotifyCares Running on iPhone 8 plus, IOS and Mac 💻 high seirra"
2301129,"Wait
That’s like a bit far away from 
„Recently“ for me to be honest …
Maybe a newer update from you? @SpotifyCares https://t.co/erHahGcrPF"
2216047,@SpotifyCares yo you ever gonna update your app for iPhone X?
2913855,@115888 why tf can’t i look at the lyrics of songs like i can on Apple Music? Cmon now step it up
483952,.@115888 when can you ever recognize my phone number? Smh. 😒
1075794,@115888 Imma need y'all to stop playing suggested songs for me. I made the playlist short and highly selective on purpose.
664658,@SpotifyCares keep getting charged for a deleted account and cancelled subscription not very professional there Spotify 😡😡
1471762,@SpotifyCares That's almost 2 years old and is followed by over a hundred pages of other people making the same complaints as me. How does this help me?
966908,@SpotifyCares @346945 I need support
1067220,Explain why @117168 switched my song from Lil Wayne to this.... https://t.co/ndVFINZOpe
688064,@115888 Can i pay it through umobile bill?
884031,"@SpotifyCares I think your algorithm is shonked. This release is nothing to do with Martin Gore. 😂

And nor are those singles underneath it. https://t.co/5b8N5O1FjD"
1737712,@SpotifyCares trouble logging back in. I put the project aside for about an hour or so and then had no more problems. Maybe I was just overtaxing system?
1813195,@115888 are there issues with in car controls and iOS 11 or iPhone 7? Tried everything to get it to work and can't skip tracks anymore :(
834882,@SpotifyCares I reinstalled it and it still isn't working :(
951085,how y’all ain’t got Savage Life 1 on @115888 y’all wack as hell for that
2517274,@115888 when can we get iPhone X optimization for your app?
2295339,"@SpotifyCares I signed up for a promotional free trial for premium and was supposed to also get free Starbucks stars, I haven’t received them and was told to contact customer support. Is there someone that can assist with this? Haven’t received a response from dm"
67697,"@SpotifyCares Hi,
Received an e-offer to pay for  a year...but it's not available...?
what i miss...?"
1948035,@SpotifyCares  I love Spotify I been on it all day trying too find music but I want it too be even easier because every list I go to is same
893075,@SpotifyCares K. Thx
1926379,@SpotifyCares I have heard from them and now they tell me it’s going to take 14 business days to get my refund. This is total bullshit!! U suck!
2857516,"@SpotifyCares Thanks a bunch! I figured out the connect part through your community, it's a great resource. Thanks again for being so caring! 😊"
110072,@115888 For php9 only?
630441,"Thank you Arvin from @115888 for rescuing my account - all music safe &amp; account restored. Farewell my hacker friend, rock on elsewhere."
1830762,@SpotifyCares You too!
824858,"@SpotifyCares No, I haven't experienced this issue on any other devices and I have tried restarting my PC."
2615448,WHERE is the perfect velvet on spotify i’m rotting over here
1896348,"@SpotifyCares @115888 How will you do with ""My Year in Music"" this year? The 2016 dissapointment, the pre2016 exellence or something else"
2979798,@118266 please help. Saya daritadi mau melakukan pembayaran via pulsa gak bisa2 https://t.co/oZ2dLbVqN8
1396384,"Hello @115888 fix this, Camila has more listeners and was to be in the top 10 https://t.co/VEnTcZ7vVf"
1026792,"@362962 Hey @115888 @SpotifyCares, this is what friends gotta deal with, jump on it maybe???"
2063374,Why would @115888 have EQ on iPhone but not on Mac?! Surely an incredibly simple piece of software to implement... Bizarre.
1964919,I demand to know who’s responsible for this @115888 https://t.co/BAP99cZg9v
414117,@SpotifyCares Vizio E320i-B2 pls bring it back I hate pandora
2165443,@SpotifyCares Nope.  It doesn’t happen every time but a few times a week under 10 mins just now
629905,@SpotifyCares I hope that this time it will take less than 8 months! 😉 https://t.co/zwzobGJvME
1844564,@SpotifyCares My playlist that I have been adding music to forever is gone! Please help
968035,"No, really @115888 I’m absolutely delighted that you’ve un-downloaded all of my music. AGAIN. It fills the days nicely getting it back. 💩💩💩"
1126280,"He there @115888 @SpotifyCares 
I am trying to sign up for Spotify and I got this error.
Need this solved.
Added the console.log screenshot https://t.co/Ik7GyZXspp"
160529,@SpotifyCares Spotify version 1.0.68.407.g6864aaaf
1376896,What the hell @115888 https://t.co/QMoEVDhyVQ
2050937,@115888 Hello. Can you please include a dislike feature so I'll never have to listen to bad music on MY discover playlist ever again? Thx.
560975,.@117168 @115888 @SpotifyCares when are we getting our year in music for 2017?
2267454,@SpotifyCares Ill try that
582197,@SpotifyCares Windows 7
1689791,hello @115888 can you please update Sonamoo's page with their happy box part 2 🙏🙏
1240603,"Half of my @44809 ‘s ‘The Relentless’ album lists as “not available” 

Any help? @115888 @SpotifyCares"
162215,"@SpotifyCares Yes, it is on your end, even my friend @153449 does not see the comments."
1436771,@115888 @192177 also your front page still says 50% off for students so what’s going on? https://t.co/Xbcz6g8dEW
968305,@SpotifyCares Long for the days when I could send playlists to friends on the platform. Now have to type string of random characters. #hard.
1912048,@115888 hey can someone help me I can’t log into any accounts to cancel my subscription
1426053,"@SpotifyCares my Spotify is about to expire in about a day or 2 but I can't update my payment info. I am no longer a student, but the app is still having me verify that I am one. So I can't get past verification to update my billing info. HELP!"
1602047,is it just me or did the lonely album by nflying just disappear from @115888 ? whY https://t.co/BaPtNeihwy
2131391,Does @115888 not have a feature that says playlist A is similar to playlist B?
2344102,@115888  I'm gonna need you to #STOP adding songs into my playlist; if I wanted it there Is would have put it.
233168,"@115888 @SpotifyCares @171501 

Can't create a spotify account because I once had a spotify account via Facebook a long time ago"
1068080,@SpotifyCares it would make my dreams come true ❤️ love you lots
1487001,@115888 WHERE IS UNPLUGGED!!!!!! I NEED TO HEAR TYB x USE SOMEBODY
2026607,@125633 verify my spotify
874015,@SpotifyCares Send!
1989806,@115888 Please bring Spotify to India. I need a good streaming platform and a good platform to upload my music too. Please. ❤️
785937,@SpotifyCares No. No error message either. This is my screen. Whatever I click the play bar is stuck on that song. https://t.co/unnWbBrzNW
2286848,@115888 please update @118062’s albums. i wanna hear reputation 😫
2757633,"@115888 Hi, I signed up through UNiDAYS but I was still charged £9.99, why is this?"
2552610,"@SpotifyCares I got a new phone, iphone 8, and recently every snapchat notification I get pauses my spotify music. Can this be fixed?"
1206994,@115888 why have all my saved songs disappeared? 😩
2665946,@SpotifyCares I can’t remember what my username is nor the email I used for my premium account after my phone was stolen but it still charges my credit card and I would like to cancel it please
1048858,"Hey @SpotifyCares @115888 @351 ""70's love groove"" needs to be streamable"
1897838,"@SpotifyCares I don’t get it, but Usher is available here in PH. Only Separated is not available 😞"
118921,@115888 Selain pake kredit card ada cara membayar yg lain ny?
2485956,"@SpotifyCares hi, my Spotify keeps pausing while I'm listening to music. I've tried reinstalling the app but it's still happening"
1064692,@SpotifyCares Where is the new Dvsn album?
1336177,@SpotifyCares When Comes the Update For Fix Me problems
1302441,@115888 .when are u going to put my library back on the Roku App for smart TVs?..only reason I upgraded was to get my library on the tv
1342010,@SpotifyCares Thank you!
1692160,@SpotifyCares Doesn’t work 🙁 it keeps logging me out and skipping and pausing songs.
106320,"@SpotifyCares When we make material changes to the Agreements, we’ll provide you with prominent notice as..."
834890,"Hi @SpotifyCares every time I want to share a song, Spotify goes black and stops the song - can't share but used to be able to, help? 💔"
857995,@SpotifyCares Logging in/out helps for a few minutes with most songs. But once I've played on both desktop &amp; mobile the songs are showing as unavailable.
634015,@SpotifyCares Third time's a charm? STILL NOT FIXED. How about push instead of a nudge this time?
2708585,@115888 should have an alarm feature so I can wake up to my @12899 soundtrack every morning. Just saying.......
2726070,@SpotifyCares hi! Please help me with my upgrade to premium. Thanks!
687027,That time of year when @115888 charge you £9.99 instead of £4.99 because your 12 month student has run out and they don’t renew it automatically. Haha I see youuu👀
115284,@115888 It's not about the money. I'll come back as soon as I can have over 10K tracks in my albums.
2211015,@SpotifyCares @646246 @87442
1298052,Why can’t I control Spotify through control center without unlocking my phone anymore in iOS11? @SpotifyCares is there a setting?
2578863,@115888 @SpotifyCares
1367725,I had @115888 premium for just a few months and got hacked....back to @115948 I go.
1521359,"@SpotifyCares thanks for caring !! Yes, I tried that too.. it starts with this view.... https://t.co/H4Mgvd7xTy https://t.co/UmGUuTV24U"
1031956,@SpotifyCares move the download switch. This is about the 4th time i have to download my entire library this month!
1649299,"@SpotifyCares Hey, I sent a DM. Please check. Thank you!"
1539144,@spotifycares why? @askplaystation #PS4share https://t.co/8QMNoM6vaX
360359,@SpotifyCares Thank you guys so much!! Now I can keep listening to my music! 😁🎧
1568344,"@SpotifyCares Hi! I'm trying to upgrade my account (I was previously in a family plan, but not anymore) and it's not accepting my CC?"
1465429,"@115888 if i weren't a paying user i'd find ""listen history"" to be right up there w/ offline playlists. seems like a pretty glaring missing feature"
684925,@125633 knownany Christmas playlist this could go on https://t.co/lin5zW91EK
1747050,"@118190 @526678 You too, @115888 and @SpotifyCares: https://t.co/HrfAZNLLIH https://t.co/1vEqOhPxmx"
2071597,@SpotifyCares does your student offer for both premium and hulu apply to high school students or only college students?
181982,@SpotifyCares Seems Spotify desktop client doesn't like VPN. While connected to VPN Spotify 1.0.63.617 claims it's offline (error code 4).
2313914,@SpotifyCares Get it done please x
2059168,@115888 hei. Jeg blir belastet 2 ganger pr måned for min spotify. Hvordan kan jeg få ordnet opp i dette.
2183099,"@SpotifyCares Computer is MacBook/sierra, iPhone iOS 10.3.3 this problem has been around since before the new iOS came out, its gotten so that if I have a bunch of songs queued up from my computer I don't listen to my phone on my commute because I don't wanna mess it up :("
1833851,"@SpotifyCares Hey! Did the things, even reinstalled the app, but the problem persists :("
1825767,"@SpotifyCares I just today reinstated my student discount, that went fine and was able to watch hulu using it yesterday. When i try to link the two (cont)"
2761396,Still waiting for @118062’s #reputation to drop on @115888 😭
1112859,hey @115888 can i just listen to the music on my playlist and not ANYTHING ELSE.....🙄🙄🙄🙄
1234883,Gimana caranya switch dari trial premium ke premium yah? @118266
2615422,"@125633 One of my tracks is on a different profile with the same artist name, how can I change it to my verified profile? Thanks."
2674440,Why tf is @115888's web player refusing to work?
2363333,@115888 I literally can’t listen to the Stranger Things playlist because otherwise I can’t do anything else on my computer. Easter egg gone wrong.
2251462,@115888 Hello. Is it true Spotify will be launched in Romania ? Thank you.
1812465,@115888 @SpotifyCares
1935348,@149503 is there an email where i can reach you guys because i have some inquiries
1883531,"@SpotifyCares / when I 3 months ago paid you’d £119 for a yearly subscription for Spotify premium , so can you get me in touch with someone to sort this"
1857564,@SpotifyCares Hi! I've just noticed that the friends window has got a one song delay compared to what they're playing! Is that normal?
189908,@115888 Aw but I have Hulu with no commercials right now. Would I have to give that up? 😔😔
1900549,"@116130 so, why can I not use the code I was sent to my email for premium as an additional user? Was working - not now!"
322116,"@SpotifyCares Not sure if the engagement was actually that low, seeing so much ppl complaining about the decision to remove the feature 😅"
2742031,@SpotifyCares Just sent - thanks
2822733,"@SpotifyCares please pass it on. and thank you!
my pc is a bit old and it kills my windows booting performance."
2347848,@SpotifyCares iPhone 7 Plus and it’s the most updated version :)
2792206,@SpotifyCares It's just saying the page is not there 😭
1209236,@SpotifyCares I pay for premium and I’m fed up. doesn’t work!! I want this sorted or I’m cancelling my subscription.
1475995,@SpotifyCares Do we know when they’ll optimise the app to take advantage of the new screen layout? Cause it’s super blocky
1251411,@SpotifyCares check dm please
1795916,@SpotifyCares Is there a way to only show that button if there is a device available?
2027830,@115888 downloads seem spotty from SF Bay Area.
832541,"@SpotifyCares Also missing is INSTAHIT CREW'S Bringing Back The Funk Volumes 1 through 7, have it added to your line ASAP!"
1102968,@SpotifyCares That I was charged 3-4 times for the student. Is there a way that can be reversed ?
412010,"@SpotifyCares Literally, it's go back a page, go forward again."
1459961,@SpotifyCares Thanks! https://t.co/1BvzI7NgKf
2985576,@SpotifyCares is there any possible way to shuffle a playlist you made
1655295,@SpotifyCares Boom. Fixed. Thank you!
1642872,Hey @115888 when are you going to fix this https://t.co/CKXGxQTjgR I can't save any more albums!!!
1175721,"@SpotifyCares Raise it with Dev, it's a bug ;)"
925956,"@SpotifyCares No errors, the music still plays. It just won’t show up the player on the lock screen where I can change songs, volume etc."
834885,"@SpotifyCares Hi, I'm on MacOS High Sierra (Latest version)"
2104012,"Dear @115888, two questions regarding the most loved podcast functionality: 1. Why isn’t podcast listening progress synced across devices? 2. Why am I not notified about new episodes of podcasts I follow? #1ed760 💚"
139108,"@SpotifyCares hi!, I'm having an issue with the last version. Sometimes it's showing an space at the bottom that is quite annoying 😞☹️. https://t.co/cOp0Vi6K0Q"
1861547,@SpotifyCares for example i can play disorder by joy division but i can not play anything by gorillaz o.O
1238308,"@SpotifyCares Yes sir, thanks 👍"
1516283,@SpotifyCares appreciate it. But I'm prolly the only bloke that misses the super old iTunes UI that actually made sense..
143017,"@SpotifyCares
My email address has changed since the last time I accessed spotify and I need to reset my password.
I know my username and so I'm stuck"
2368045,@SpotifyCares @92563 @125633 @116130 Thanks. Fortunately @126654 have the #Zombi2 main theme up already so I can enjoy @92563's genius there! 🎧🎼 https://t.co/B74jtp8CDg @111664 https://t.co/RQTS31T8iI
2835003,@149503 @SpotifyCares what is this #spotiamb0.2.1. Is someone hacking my account? Please investigate. I am concerned with my #privacy. We don’t expect such issues with premium #spotify services. Thanks. https://t.co/rxIGGWnmOB
2135089,hey @117153 i'm having trouble with my payment it says my credit card provider is 'having a bad day' yet i was able to make other purchases on other services.. So what's the problem?
2083261,"@SpotifyCares 👋🏻
It looks like I’ve lost all of my playlists except about 3 and they’ve all been replaced by these strange preset playlists Spotify create. Can you help? X"
1908157,@SpotifyCares I’ve never listened to music that is similar so I’m wondering why it started popping up all of a sudden.
1497408,@SpotifyCares Appreciate the feedback. Cheers lads!
1472882,@SpotifyCares Everything is fine! Thanks.
1646990,@SpotifyCares If you gave me the email address connected to the account I could try to access it
2307929,"@SpotifyCares please dm me, I can’t get into my premium account"
1521683,bump @SpotifyCares https://t.co/hrcD8eljHl
1806010,@Spotifycares I've started getting this popup on iPhone in my car. whatever I'm playing stops and something random starts.  What's this? https://t.co/SQMkXI8CLe
83665,@SpotifyCares It doesn’t let me click the filter bar when editing my playlist and there is no option in the (...) next to the song that says delete
2749451,"@SpotifyCares Bro, 2 hours late? Jeez you guys don't like your clients, Spotify don't really care."
518950,@SpotifyCares anbody home??!!
1780586,@SpotifyCares Just paid for a year of premium after switching banks but I'm still getting emails saying Spotify Payment Failure. Any help?
1790151,"@SpotifyCares Nothing at all.
.\..

- https://t.co/Cv7mWWNgfw"
1021346,@SpotifyCares hey i buy 1 year of premium it work 1 day but now its not working. please help me my name in spotify is farre1990
619734,@115888 how do i cancel my spotify?
1232907,"@SpotifyCares Spotify app in my Mac which runs in MacOS High Sierra (10.13) cant be opened, why?"
128196,@SpotifyCares why is my new spotify account username just random numbers? Can I fix this?
1930972,"@SpotifyCares Thanks for the reply. I am using VAIO E series, Windows 10, And #Spotify 1.0.66.478.g1296534d. Let me know about it."
2552685,"@SpotifyCares I’ll be damned, there’s an update available. Completely unaware, my bad, I’ll update and see if that helps. Sorry to bother!"
1930713,why the fuk isn't rock this party by bob sinclar on spotify ???????priorities?????? @115888
110105,@SpotifyCares None of these seem to be the issue but I deleted my two old devices that I don't use anymore to see if that helps. Would an app update cause it or just reinstallation as the guide mentioned i.e. should I turn updates of?
737829,@115888 support is rubbish!! No help at all.
499263,"@SpotifyCares Hi! How do you suggest an edit for the concerts feature on Spotify? There's a concert in San Diego on December 5th that's missing the headliner, The Lumineers"
189326,@115888 @160408 why is your app for the mac so incredibly rubbish and freezing all the time. such a joke 😠🙄
1766639,@SpotifyCares  Ill stick with free @115888 and no @115940 .. thanks tho.
48072,@SpotifyCares Just putting a lil drama here hahahah dont mind me. Keep doing u guys! Hearts from the PH!
513043,Hey @115888! I'm really missing @23416's cover of @76's #IceMachine after it disappeared from your services earlier. How come it is gone? Can you please be a little more transparent on why you remove earlier available music by adding a note that end users can read?
2456307,@115888 where’s Taylor’s new album at??
2373422,"hey @115888 can u unlock agust D's mixtape for everyone to listen? 
and pls can u put RM mixtape on spotify??
we want to listen!! but we don't have those options -_-"
525709,@SpotifyCares i need help now why charge me £9.99 for 1 month when i selected the 3months for 0.99 i want something done now
115213,@SpotifyCares Yes
1099897,"HEY @115888, ADD @64892 TO THE POP PUNK'S NOT DEAD PLAYLIST https://t.co/JzSKX9hhJo"
1906037,@SpotifyCares you charge my account twice.  I need a refund asap.@115888 @117168
1639765,@115888 i dont have genius although my account is premium
2476348,Hello @116130 can we have more of lovely @707877 on Spotify please? I can only find 3 songs. Ta v much. @SpotifyCares 👍
2560552,@115888 @SpotifyCares Can you guys please update the problem where if I get a phone call or an audio message I have to restart the app to continue playing the song.
2862743,"@SpotifyCares Certainly does, thanks for your help :)"
753642,@SpotifyCares @16134 please check your dm:)
1125884,"@SpotifyCares Worse customer satisfaction guaranteed, go to Apple Music. I've messaged spotify a few times no reply, we should petition.."
2045298,"@SpotifyCares I've been wrongly charged for Spotify Premium, please contact me asap"
239381,@SpotifyCares @172877 Just free lol
2183127,@115888 when can houston expect Rap Caviar to come?
2082362,"@115888  paying for premium every month yet my premium account seems to have dropped off. Only charged me again 2day, what's going on pls?"
2913872,@SpotifyCares All good now!
1788301,@115888 @117168 *idk
2575465,Wtf @115888? I’m a paid (read: no ads) subscriber. Why are my searches still triggering connections to ad networks. Not the first time I’ve noticed this crap. https://t.co/Xl7jTeENh0
1934759,"Ummmm, @115888????? Please? https://t.co/VclilXTTvK"
586376,@115888 hey when are you guys coming to Sri Lanka?
2820829,@SpotifyCares https://t.co/RI44GcIpZ9
1015777,@SpotifyCares nope. half is grey out. cant touch tem. what a nightmare. or all grey or all available. what's this idiotic half way through is???
963742,Trying to give @115888 my money yet they won't take it 🤔. Should I go Apple or Tidal instead?
1418137,@SpotifyCares 🙁
1221121,"@SpotifyCares but I can't find preferences anymore, so I just blocked all Spotify notifications instead,"
2594593,"@SpotifyCares For some reason, neither buttons work on the iOS @115888 app. When tapped, nothing happens. Tried deleting and reinstalling the app but it still happens. https://t.co/Vz91uptbsZ"
2785012,"@SpotifyCares And to be fair, I really care about children hearing this ad, especially during the Christmas season. You promote your classic Christmas playlist, and it is family oriented. Offending me personally is not relevant."
1833540,@SpotifyCares could you find out where the original photo for the cover of this playlist came from? I'd like to know who the photographer is https://t.co/HQQaDoUFtr
2246107,@115888 hey when will @118062 Reputation Album be available on spotify???
1070401,"@SpotifyCares I think it has to do with ""remembering"" the song that was playing last time"
124128,@SpotifyCares Not even account related to begin with. I'm offended you'd play an ad that is not in my native language.
162235,"@115888 Hvis man allerede har spotify, kan man fortsatt få tilbudet?"
110043,@115888 are u serious
1863017,I really want to like @115888 but they make it so dang difficult to use.
2282047,Is... is this new? @115888 https://t.co/krXji7oebx
1827443,Can anyone tell me if the @122609 platform actually works with #AndroidWear and does it offer a @115888 app on watch for offline content?
2080862,@SpotifyCares I need help with my account
1691152,@115888 hi can you help my premium account has been downgraded to a free account and I don’t know why
2610033,HELLO SPOTIFY? WHERE IS THE #PERFECTVELVET ALBUM??? @SpotifyCares
314110,"@SpotifyCares I'll try it, thank you.😅"
2545909,@SpotifyCares @584088 You reply to people everyday regarding this issue. Surely that's enough to know people want this feature. So just put it back.
2317065,@SpotifyCares @121584 help a girl out please
2052820,@SpotifyCares Need help canceled after student premium ended but I want ya back having some trouble signing up not getting verified
968813,@SpotifyCares done.
1814362,"@SpotifyCares I tried incognito (and guest, in case it was a plugin).  I guess I can try clearing cookies when I'm back in the office, but seems unlikely"
714858,"@SpotifyCares You how there is space in the middle. I was thinking putting a ""add to library"" plus sign(+) would be new. Maybe???? https://t.co/HIoLrWcnTb"
265515,hmmm. album art covers not showing. @SpotifyCares.
106351,"@SpotifyCares my wife is trying to accept my new Spotify Family plan and she's getting the error ""undefined - Oops something went wrong, please try again."" Please advise."
1500101,@115888 has created an enemy today. They failed to include Call Me What You Want by @118062 in their New Music Friday playlist.
2061101,"@SpotifyCares hi, is it possible to reset my account, or if I must delete it can I recreate it using the same email address?"
2256716,@SpotifyCares Hi! I currently run the Hacking Queens Meetup in Queens. Any interest in loaning office space?
1313118,@SpotifyCares Good song too!
1918333,Why am I paying to download music so I can play it offline if all it does is freeze when I’m offline 🤔🤔 @115888
2412649,@115888 will spotify receive a light theme at some point? Would really like to see it happen haha
1934758,@SpotifyCares Thanks! I just think it's significant because it's THE pivotal moment in the second season. AND it's a really catchy tune..
1029051,"@SpotifyCares Oh, do you know when Holding Out For A Hero or other songs like that should become available again?????"
781719,@SpotifyCares @115888 Account not allowing me to upgrade to Premium Family. Says no support available?
902411,@SpotifyCares thank you
442479,@SpotifyCares sent DM! Cheers
994566,"@SpotifyCares No it didn't. Same error. Won't let me sign in  as set to offline mode, but can't take it out of offline mode because won't let me sign in."
861558,@115888 Help. Your web player keeps kicking me out today and making me log back in + erasing all search info.
2674003,"@SpotifyCares so my Spotify account is supposed to be student discount-included, yet still you have charged me the full amount. Help?"
2042837,My favourite part of this is the Spotify hacker has created an email that is spotifylol+myusername. Baller.
1222128,@SpotifyCares https://t.co/A4aOnetpEU
590143,@115888 Vad gäller för mig? Var längesen jag provade på Premium och det var långt ifrån 3 månader för 9kr när jag väl provade på sist jag använde mig av ett erbjudande
1655293,@SpotifyCares It never goes away. @SpotifyCares https://t.co/gbZxy6a9eT
2909,@115888 Why? https://t.co/rsBY0b7YS3
852682,"@SpotifyCares https://t.co/LNeKQuYvYw Unfortunately there are two bands, same name, was fixed previously but now gone again :("
1916969,@SpotifyCares  https://t.co/043Dtn071v
116579,"@SpotifyCares Thank you for your quick response, but I've already chatted with a Spotify operator and he was able to solve the problem! 😉
Good service btw 👍"
2008364,@SpotifyCares Already done. I know it must be a complicated process but launching in India is taking an awfully long time.
1270509,"Hi, when does your 6-month-free Spotify offer end with Fido? @SpotifyCares"
1033681,"@SpotifyCares Hey I am idle with the Spotify window open, but someone/something is using a web player on my behalf! I'm using FB login.."
1803467,@115888 are you adding lyrics anytime soon? Not a moment too soon!
2606355,"@SpotifyCares @115888 I love the app, but I don’t want to be charged TWICE every month!! This is insane!!"
1342012,@SpotifyCares Do you know yelawolf - Trial By Fire will be on Spotify? It was released today.
2597992,"@SpotifyCares Nope not at all, I already tried this on my computer and it did the exact same thing. I've logged out of everything and deleted all the apps"
86395,@SpotifyCares never mind found an email in my junk folder saying you reset my password. all ok now.
1853479,.@115888 that was NOT 30 minutes
2863025,"@SpotifyCares The albums are still in my library, I just don't have them available offline on my phone any more."
2332443,@115888 just fcked up
2921970,"@SpotifyCares Nothing is really “happening,” I just don’t feel like it’s a well-designed tablet app. It’s just a big phone app. The desktop interface would fit the iPad Pro much better."
371256,"It's 2017 but nothing about @115888 interface resembles the way we keep physical - sorted stacks, organized collections 2/"
631969,"@115888 Coucou @115888 @SpotifyCares ; j’ai commandé mon forfait premium le jour de la promo mais juste avant, je ne l’ai pas vu... serait-ce possible de corriger ça ? J’ai un peu le seum 😨"
1739260,Yoooo @115888 why do my downloaded playlists keep pausing you’re throwin off my jam
466041,"OK, @115888. Why isn’t Mavis Staples’ Christmas Vacation not on Spotify. Year after year I’m waiting for that addition."
2218970,@SpotifyCares Is she willing or not to drop it there? ;_ ;
2770908,can you start working in Lebanon already i’m tired @115888
2842925,@SpotifyCares Hello. Spotify with premium account doesn't work without VPN :(
2851467,@SpotifyCares What's up with the Discover Weekly algorithm? it keeps proposing german and french music which I've never listened to before (and which I don't want to listen to in future!)
2551351,@SpotifyCares someone changed my account email without having access to my email. Seems like a security flaw...
712159,@SpotifyCares No...You don't. You need to fix your app like you said you would six months ago idiots.
822279,@117153 hi! I need help!
2585694,@SpotifyCares @118266 https://t.co/u9A23Snirh
44688,@115888 library limit (10k songs) is a pretty big failure of premium streaming services. Shows the limits of subscription vs buying. 😕
2272772,"Hey @115888, how about lyrics? I’ll pay additional for that. (And no, not the Behind the Lyrics thingy)"
2916629,@115888 my spotify isn’t working help
1242146,It's amazing how I pay $10 a month for @115888  and yet it seems to never actually work
1760767,@115888 need help with my account please
1153703,@SpotifyCares @115888 Awesome thanks !
1626585,.@SpotifyCares im cool w you playing suggested and related music for me but do not ever play halsey for me ever again thats just rude
2183136,Gah! @115888! I have done all the things and I pay you every month but I can NEVER listen to my own acct. What gives!? #whohackedme #pleasehelp https://t.co/h3pD5GsYEn
1164864,"@SpotifyCares iOS 11.0.3, Spotify 8.4.24. The app is behaving fine, it’s just slightly scaled up from iPad 9.7 inch resolution to my 10.5 inch resolution"
2574101,@SpotifyCares You guys even changed my profile picture. It was the cover for “turnin” and now it’s no where on there.
2095158,@SpotifyCares why does my music keep pausing when I️ get a notification and open Snapchat?
383157,"@115888 How do I change to Spotify Premium for Students, when I already have Spotify Premium? Do I just buy it, or can you change it for me"
1420637,.@115888 is being stupid and glitchy after the last @115858 update 👎
2183182,Why the hell are a bunch of @86447 off @115888 now???
2312985,Hi @SpotifyCares ! Can you check if you can refresh my payment? My payment didn't process 😭
1220087,@SpotifyCares Done - thank you kindly
2857497,"@118266 ini akun saya kok kaya gini ya, ini gmna benerin nya? https://t.co/Q88dh9XYIJ"
145920,"@115888 I subscribed to your premium for student which is 65 per month. My account was credited php65 but still, my spotify acct is not on premium. I already send my reg form and school id for verification, it was 4 days ago and I still don't receive any verification. 😒"
115295,@115888 So what does your loyal customers get? What deals have you offered us?
468380,@SpotifyCares Okay. It was just weird not having anything about her album being available on the platform.
1858209,@115888 any plans for an Apple Watch app in the works?
1996457,@SpotifyCares I don't remember my email account and can't log into premium. Help!
265577,"@SpotifyCares nope, already tried that, anyway it happens on desktop app and spotify web too, it's a premium account"
2644833,@115888 when will the @746238 EP be on the app?
2305900,@SpotifyCares  https://t.co/ksTVQuBKO1
1516295,"@SpotifyCares I usually download music and then go in offline mode but sometimes I get logged out &amp; the app won't let me log in, it thinks I am offline."
2055646,"@115888 WHY DO I HAVE TO KEEP REDOWNLOADING EVERY FUCKING TIME I GO ONLINE, I PAY FOR PREMIUM FOR A REASON"
1243938,@SpotifyCares cannot screenshot due to security policy
1912057,@115888 how do u switch ur payement to ur Starbucks numbers
2004084,"@SpotifyCares Hi, please remove Aoki's remix from the top of the ""This Is: Linkin Park"" playlist.  The irony speaks for itself..."
513445,@SpotifyCares hello hi i'd like to ask why the nxworries album 'yes lawd' is not on spotify anymore
2586513,"@SpotifyCares Found it, but there's no songs https://t.co/THtu3maVRd"
1451858,"@115888 please bring in mixes and sets, would be lovely x"
885137,@115888 plz bring back full dates on when albums where released instead of just the year... I love knowing exactly something is out! 🙏
1004825,@SpotifyCares The IKON merch under the K-pop group's is from https://t.co/K18ymh9y8Z No songs are directly listed on Spotify from the linked artist.
527198,If @115888 deletes all my downloaded songs one more time... heads are gonna roll!
1887071,@115888 hello can i ask something? Why i can't find CNBLUE 2gether album anymore? I'm sure i still listen the song few days ago
2379892,"@SpotifyCares I was wondering, what the hell were you thinking when you allowed an ad with loud sex moans??? Virgin mobile - Chile. Please do something about it."
1101320,@SpotifyCares HEYYY PLEASE IM ON DM LOOK !!! I NEED HELP
2736077,@SpotifyCares I'm trying to register my premium for family but this error code keeps coming up - help please! https://t.co/wONIxjukCC
818971,@115888 Please bring back the messaging within spotify so I can send my friends songs!
1453224,hey @115888 why cant I share songs with my friends within the app anymore??? You're taking away features?
1849489,@SpotifyCares It's across all devices
1713320,"@SpotifyCares to a student account but no one has emailed me back, and yall just continue to take my money.."
437080,"@SpotifyCares But then stops music the whole time I'm on twitter, not just when scrolling past videos. Bit annoying :("
1695035,@SpotifyCares why when i want to manage premium family in spotify website it go blank page? Please help 🙏 https://t.co/VcYLvjMdm4
2422826,@SpotifyCares What more info do you need? The original tweet had it all.
1802784,@115888 Um. All of my albums disappeared. Gone. My app is updated. Help
254983,@SpotifyCares Straight question. Why does spotify have no explicit filter?  Straight answer please..... #ProveSpotifyCares
2119231,"Hey @115888, please stop playing ads for scary movies at night https://t.co/KZY6PWqybj"
2062482,Ano na? @SpotifyCares @115888 https://t.co/XV4EapXieG
2698123,@SpotifyCares Thanks. Now I can see that the second language on my phone - after Danish - was Spanish. I’ve changed it to English now 😊
2951506,@115888 UWP Spotify client? 🤷‍♂️  Soon would be nice.  Thank you.
2239749,@SpotifyCares Sorry i saw 4 songs. But im looking for full album :(
472562,@SpotifyCares is there something wrong with the app at the moment? Constantly getting 3 loading buttons... and nothing else?
2484409,Wtf is this @115888 @118134 https://t.co/C0uT89nCkA
664702,@SpotifyCares :(((
1835533,"@SpotifyCares No, they just won't play when I touch them. They play fine on my desktop app. Just the phone has issues."
654666,"Hi @SpotifyCares, I want to change the date that money leaves my account for premium, is this possible or do I have to cancel and renew again??"
1941637,"@SpotifyCares good idea, pretend like you care about ur problems then try to suck money from me :)"
1516272,"@SpotifyCares The mixtape explanation helps a little. You have two of his mixtapes available, does this mean he would need submit the rest of his mixtapes"
2525587,.@SpotifyCares should alter their qualification for colleges to include schools like @98015. https://t.co/Tg8Ss4AOl4
2412663,@115888 Still no answer
257844,@SpotifyCares I am having a similar issue. When I paste my bio it isn't showing up. It is also not letting me paste my wiki link.
1960915,@SpotifyCares This wouldn't be so bad if I could cast from the mobile app yo the Roku. It's pretty janky to use a Chromecast on a Roku tv.
373043,@115888 @SpotifyCares bring back the 30 second preview! Why take that away?
2032480,@SpotifyCares hi you have charged me more for my subscription when I have the student account
1016884,"@SpotifyCares Wont work on my imac, either chrome or firefox, wont work on my samsung s7, on wifi or 4g.

Same screen with empty name or picture or logo. https://t.co/imuJ0EYmEl"
1833289,@SpotifyCares I can't log into my spotify account to delete and cancel my premium trial
847184,@SpotifyCares Thanks!
2492537,@SpotifyCares I tried 4 different bank cards but mu payment refused. I am sure that may cards has no problem and enough money in them
947926,"@SpotifyCares Ehhhhh, no problem!! 😄🎶💟"
1961287,Hi @SpotifyCares My wife’s account appears to have stopped working. She can’t log in at all. Can you advise how we can check it’s active?
1922432,@115888 will we be getting a Winter playlist like we did for summer?
227980,Why isn’t meekend music 2 on Spotify yet ?? @115888 @16913
2928686,@SpotifyCares Down on the website for me....
681807,@SpotifyCares I keep getting a crsf is invalid error when I try to reset my password!
2026606,@SpotifyCares Imma artist my self i wanna know why my spotify not verified
2789428,"@SpotifyCares I can’t seem to get on your website using iOS. Keep getting 504 gateway timeout. I’ve tried rebooting, clearing cookies thanks"
206572,@SpotifyCares Yes
1806156,@115888 account.
2892629,@115888 pls answer your DM on @SpotifyCares
2389840,@SpotifyCares Sure! I'll drop you an DM :)
6498,@117153 @SpotifyCares I cant have premium spotify even though the money has been withdrawn
1075788,@SpotifyCares Thank you!
1035420,"@SpotifyCares i was charged twice. This was not a bank problem, they are two different amounts. Help me. This is getting very irritating."
48128,@SpotifyCares there's something wrong with the search :( https://t.co/EOaGD3BKyw
1458245,"@115888 Keep up the great work, I love your service and have been a premium subscriber for quite a while."
1578595,@SpotifyCares y'all need to update for iPhone X! All the major apps had day 1 updates ready
1942141,@115888 Dutch spotify is making it really hard for me to relive my teenage years
2783450,@SpotifyCares Safari on iOS. Looks to be a server issue https://t.co/lSeoRFeNJq
2245971,"@SpotifyCares OK, but can you follow up with what they say?"
1705032,@SpotifyCares messaged you😊
2613381,@SpotifyCares indonesia!
2071776,@115888 I... I just want to save amazing songs without having to delete anything else from my library!! Is that too much to ask for? @SpotifyCares
2734631,"Hey @115888 the artist app for Android i pretty broken, crashes when im trying to see my stats"
1539075,@SpotifyCares hi! im having trouble with listen offline. Only playlists are staying saved. Been through troubleshooting. LG g4 android6.0
1855557,"@SpotifyCares Great, thanks. You folks should consider adding it to the swipe feature."
2456243,"@SpotifyCares I tried to update my payment info through the app and it says ""Oops something went wrong"" but I got charged anyway. Tried it again from the browser and the same thing happened. So now I've been charged twice and still have no access to Hulu."
1928532,"@SpotifyCares hi, my account appears to have been hacked and the email address chsanged that i use! I pay for premium &amp; someone is using it"
658171,"@115888 what is the maximum download limit for premium users, I keep hitting it and I don't even have that much songs downloaded"
2310872,When will @115888 fully support the iPhone X? 🤦🏾‍♂️
2709288,@115888 any chance you doing an app compatible for the I watch?  @760809 @115858
2070393,@SpotifyCares Is there any way to add a playlist I made on Sonos to my connected Spotify account? Or any spotify account for that matter
2375424,@SpotifyCares @115888 when you're coming to india?
2314328,@115888 When will it be full sreen on iPhome X?
550046,@SpotifyCares I have an LG Aristo... And use it to entertain my uber riders... Please don't let me done #Spotify
2716985,@762626 @SpotifyCares please tell us when Reputation is going to be on spotify
656499,@SpotifyCares went to listen to the throwback Thursday playlist before Thursday comes around again and it's gone!!! I wanted to make a list of some of my favs! Can u help a girl out???
468345,"@115888 High school students use Spotify a lot, I feel like Spotify should offer a deal for any student that is either in high school or college!!!!!"
2349676,"Hey @SpotifyCares im an artist on spotify but one of my recent tracks was put on a seperate profile on its own, could you help me move it?"
1358442,"@SpotifyCares Yeah, I know. Didn't find it fast enough."
1981467,"@115888 Hey love the service, Premium is real nice too. But why is the @127972 app sub par? I would love to have my playlist to enjoy."
2684807,@SpotifyCares what can i do if i dont know what email is linked to my account?
954882,@SpotifyCares I appreciate your responses that you.
1236431,@SpotifyCares Nah the video feature is still not working for non US fans
1075703,"@SpotifyCares --and how weird that was. But not, even CLICKING the search field navigates me away. WHOSE IDEA WAS THIS???"
2389003,@SpotifyCares You don't like Danny Byrd either?
2290833,"@SpotifyCares Thanks so much I thought what a strange update is this, no menu.....😂"
44376,@115888 The ad shouldve said something about credit/debit card :)
1630494,@spotifycares trying to buy a premium gift card and your web site check out is not working. Can you assist?
400030,"@SpotifyCares Someone has hacked into my spotify account, changed the email address and password. I am unable to log in."
106332,@SpotifyCares can't start Windows Desktop app right now. Any problems?
446907,"@SpotifyCares hi, I am a student but you guys aren't letting me sign up for the Hulu/Spotify deal, could you help me?"
1959581,@SpotifyCares this should be The Virus not Virus. https://t.co/ty9v0HpzEI
1950457,"@SpotifyCares Nexus 5, android 6.0.1, Spotify: 8.4.17.640 armV7"
2567214,@SpotifyCares I got an email saying that my payment won't go through for premium and the website won't let me update my payment details.
1873390,"@SpotifyCares hi, can I renew my subscription with iTunes Gifts card ?"
1878528,@SpotifyCares Will do!
2218812,@SpotifyCares When will you update Spotify optimized for iPhone X?
1280137,"@SpotifyCares Thanks. Idea is a bit different and am talking about the app, but I’ll open a topic over there."
1872735,@115888 why can't I listen to #Flicker already? :(
634366,@SpotifyCares @270406 Same issue here! Pixel and Pixel XL
835850,@125633 Great update. Thank you!  When will this be available for #Android (@1647) devices?
29614,@SpotifyCares Hello! Is it normal that I only have one radio left? Can you tell me how to have more please? Cheers and have a great day! https://t.co/cBxAz3b347
2005759,@115888 there is no reason why we cant reorder playlists on mobile cmon guys
1557075,@SpotifyCares It worked thanks
228806,"@SpotifyCares Thanks for the prompt reply, I tried that originally. It just keeps saying retry 🙇🏻"
1681225,"@SpotifyCares I tried restarting the device and it's still the same, i havent tried logging it out. Wait 😊"
1967728,"@SpotifyCares 

I’ve recently created a new premium account, but my app still doesn’t let me skip songs etc like a premium account should..."
458063,@SpotifyCares But what does it do tho
1914972,@230513 https://t.co/zK2C06PsE2 … BRING BACK THIS OPTION! #spotify #android
1350833,"@SpotifyCares Her playlist and downloaded song dissapeared, and had changed into latino song instead of Indonesian song She created / downloaded."
720760,@SpotifyCares Hey! Yeah I noticed it while ago! Thanks!☺️
895936,"@SpotifyCares Why I Cannot skip the song on Spotify free??
The support say 6 times per hour but I never can skip songs, never"
2917774,@115888 what’s up with the mobile app? Can’t access anything
944978,@115888 why is every song skipping and constantly crashing when played on my laptop ? 😣😣
289763,I absolutely hate @115888
106307,"@SpotifyCares Windows 10, Google Chrome."
667159,@SpotifyCares My Spotify account no longer has my playlists and has been downgraded to basic. Please fix ASAP.
1842958,@spotifycares helped needed with my account. Please DM me!!!
2066473,@SpotifyCares C’mon y’all...help her out instead of the canned responses. https://t.co/rPMHrB13jB
2372418,"@115888 Hey, I'm having some problems with my Spotify and I'd like to know if there's any way I can fix it."
581516,How is there not a Mel Tormé fan site.  @115888  can you rectify this?
187543,@SpotifyCares Microsoft is promoting their Music Pass Costumers to Spotify but you're Mobile App is Crashing after 10Minutes of use and is not up-to-date. https://t.co/KeGAIGe0dx
79459,@115888 Spotify have put this offer on numerous times and they never help existing customer.... #loyal.??
1858271,"@SpotifyCares Just listened to Stained Silver again, error at 13 secs and  at 2:09"
1858057,@SpotifyCares I have already applied it but still its not approved from past 2 weeks
215439,@SpotifyCares clip: https://t.co/0uPIONtPZv ; songs: spotify:track:3TErrbPIxH0QwiLle9mlvs ; spotify:track:0WXnHgyLOOdWI4Z9935ezn . He uses NZ spotify
969369,@SpotifyCares Sent you a DM!
2797342,"@SpotifyCares I spoke too soon , after successfully installing I got an option at the top of Spotify screen to install latest version , stupidly I clicked that option now have a blank screen , Spotify icon has windows shield on it , can you help ?"
1157923,"@SpotifyCares upgraded to Family, link in e mail to send 'invites' gets me this: https://t.co/cAOz3LTVDe"
1492595,Does @115888  already have a Custom Application for Apple Watch ? @SpotifyCares
473444,@SpotifyCares  https://t.co/6RQHXB6Ksm
2128565,@SpotifyCares any news about iPhone X support?
2937791,"Hey @115888 if you could stop recommending obscure Finnish music to me, that'd be great."
2391990,@115888 Where is your iPhone X update? 🙄 https://t.co/P9MtCZeTvK
2928695,@SpotifyCares help me !! 😭
2929214,@115888 I need at least 3 to complete my playlist this is vital
1929611,@Spotifycares theres an artist mixup; a new artist page for my new single was created where it shouldn't have been... can you help ? :(
2920733,Yoooo @115888 what is u doin baby
312213,"@SpotifyCares No error message. It just doesn't play. If I have something else playing, it stops that but doesn't start the new music."
1067227,@115888 could you add a feature that allows you to continue where you left off on a playlist (after listening to another one)
2305640,@SpotifyCares hi! I sent you guys a dm!
310857,@SpotifyCares Coming from Groove: your app doesn't seem to be able to manage a local library.  At all.  Unhappy so far.
619707,"Hey @115888.

Cool new slick thing you're doing with the tiny player, but imagine how much cooler if it would be if I could actually see whose track I'm playing and what the track is called... 

Just a suggestion from somebody who likes music."
1033471,"@SpotifyCares Wondering, if I uninstall and reinstall, do I have to download all my saved music again, and set up playlists etc again?"
2022253,@115888 Got premium. Signed up for Unidays. Says it’s not available in my location. I live in Australia.  What’s the go ?
2095095,"How can i join the RISE program?
@115888 @125633 @SpotifyCares"
959417,@127637 bjr je peut rien changer dans mes config alors que je suis premium c'est normal ? https://t.co/FWEgs8mq5y
2483545,"Dear @115888,

When I type ""G"" into the search bar, I want the suggestion to be Herbo not Eazy.

Thanks."
1365043,@SpotifyCares please help! Just updated to iOS 11 and the widget keeps getting locked from lock screen on song I’m not actually on... https://t.co/W4lDN0tewQ
2225736,@115888 I NEED REPUTATION NOWWWWWWWW. #lol
862195,"@SpotifyCares sure! https://t.co/mu2CuFfFGD is the link to the king krule album - tracks 2, 3, 4 are moses sumney for some reason on mine! thank you"
272957,I can't seem to share songs anymore. Help @115888 @181186
2259658,My dad can’t log into his Spotify account. Help! @SpotifyCares
1825035,@SpotifyCares why cant I listen to @61700 's album anymore? It says 'Not Available' anytime I try to listen to it on desktop for mac.
901649,@SpotifyCares @SpotifyCares truly does care 💖💖
2917806,@115888 fix your app cunts
1666811,@SpotifyCares Thankyou .
1483990,@SpotifyCares yeah but i dont wanna give out my credit card number bro
6503,@117153 @SpotifyCares Still havinng trouble with tweeting a song
2017183,@SpotifyCares I'm trying to start premium subscription again after is was cancelled due to no payment but it won't let me
301921,@115888 lol what about military personnel ? We get this deal too ?
1266602,"@SpotifyCares I'm having so many problems with Spotify. It is charging me for my account that says ""Spotify Free"" i am sick of this"
1030253,@SpotifyCares Just restarted. No change.
1113683,@SpotifyCares Is there any way to change your name? i no longer go by my birthname and connecting it to my FB still displays old name
1194214,@SpotifyCares The ad plays but then the music doesn't. Eventually it plays it just takes a while I don't really mind but I'm curious as to why. https://t.co/7wb8vfjgaa
1244420,"@SpotifyCares @411940 Go @115888! I hope you follow through with this, i want it to become one of my go-to examples of admirable corporate citizenship."
2298907,@SpotifyCares I can't even get on spotify now. Seriously? What have you done?? #joke.
2058863,@116130 @SpotifyCares  howd i find my account details? I need to change payment!!
2896731,@SpotifyCares thanks for caring.  :)
2957863,"@SpotifyCares hi! I'm so sorry for distracting you, but will playlist 'Your Top of the Year' appear this year? =)"
2527710,"@SpotifyCares It’s only let me import the file from my files and folders on my MacBook, it still won’t let me import library from iTunes:("
2355309,@SpotifyCares Thanks!
2110189,"@SpotifyCares Thanks for getting back to me. That’s very disappointing to hear that. But I stand with that user, we need a dislike button 😭 I DISLIKE FRANK."
1129475,My Spotify app gets stuck after shannara chronicles ad for the 4th day in a row??? Wtf @115888 💢💣
703164,How do I link my @115888 account to google assistant for voice commands?
1830830,@SpotifyCares Just subscribed for premium. Paid. Still only free account.
1742933,Dear @115888: I don't want to autoplay similar songs once my songs are done. I keep turning that off. How does it turn back on...?
851854,@SpotifyCares
33418,How come I suddenly don't have Spotify premium anymore @SpotifyCares? Meer mensen last van? #spotify
2924853,I kept seeing @115888 ads for Stranger Things character playlists and now I can't find the lists...
352967,@SpotifyCares please reply to my DM! 😊
656554,"@SpotifyCares Can't add credit card in new account to get premium. ""Oops ..."" message appears."
2512436,@SpotifyCares Thank you @115888 for satisfying another customer  this is why you'll always be better than @115948
979890,"@352364 @SpotifyCares I know, I’m done with it tbh"
2317521,"@SpotifyCares I could send a clip but sending a screenshot would effectively be the same thing.

When the arrow key is pressed, the Spotify window changes position as expected, but is a still image. The music continues, but the timer freezes."
2293449,@5795 when will you update your app for iPhone X?
189874,@115888 Would I be able to redeem this if I'm enrolled in a college but I don't start until fall 2018?
2828,@115888 I'm already a Premium user and i haven't paid yet (i skipped 1 month 😂). Can i still join this promo?
1148114,@SpotifyCares Problem still persists. I’ve changed bluetooth receivers and everything. Even used Apple Music for a few days and it doesn’t happen there...
1391770,"@115888 And now it just won't play at all. If I refresh page, logs me out without reason. FIX PLEASE?"
1913939,@SpotifyCares my account got hacked. Think fixed but got an email from you with hackers email on! Can I share with you so you can sort em?
2218880,@AppleSupport @SpotifyCares the volume buttons on my iPhone/earphones don’t work on Spotify anymore if the phone is locked 😫😫
231589,.@115888 should have mix tapes and that is a scientific fact.
668719,"Tried multiple days with multiple cards to pay for my family account, yet nothing seems to work. Help a brother out! @SpotifyCares"
1934548,Hey @SpotifyCares I have a problem with my subscription can you help?
2509534,@115888 youve essentially made a service thats the equivalent of just coming to my house and beating the hell outta me with a wooden plank
1917936,"Dear @115888, I was interested in that book the first 10 ads I heard.
Now I'm can't stand it already. https://t.co/DlTQkTGNBE"
2953025,Just ended my 4 year old sub. and switched to Apple Music after you fucked with the sound levels we can't even hear music anymore in public. Good luck. @SpotifyCares
2870602,@SpotifyCares Thanks for helping. I have received a refund in less time comsuming than I thought. Did satisfactorily wise actions.
1492568,"@SpotifyCares @1457 I got it working — with limited functionality. The ready-made applet from spotify give random results with just a few of the tracks I add. I made my own applet with the spotify ifttt service that seem to return all tracks, but in a random order."
649930,"@SpotifyCares Hello, the latest update has bricked the Spotify app on my Samsung s8. Will no longer load into my profile and auto closes. Deleted cache and uninstalled / reinstalled but no luck. Any ideas?"
611912,@SpotifyCares please message me back!
1130681,@115888 hello! I have a billing problem with Spotify premium... what's the best way to discuss it with you please?
1971980,This morning I got an email from Spotify and was asked to update the firmware for my Marantz M-CR610. After the update Spotify disappeared from my system. What happened @SpotifyCares ??
1991600,@SpotifyCares hi why cant u listen to likey-twice
1972420,@SpotifyCares @115888 pls add the super best friend cast to Spotify https://t.co/iUWLjCPIDx
2967122,"@SpotifyCares So apparently, that .99 offer I got on my phone was for a new account with some randomly long username, Not the one I created with facebook, And now I can't link it to facebook. Anyway to fix?"
1038281,Hey @115888 @SpotifyCares how’s things progressing with your Apple Watch app?
1364948,"@SpotifyCares No error messages, but when I click play on any song, artist, or playlist, nothing happens. Attached is a screenshot- the ad won't go away https://t.co/VSQdTYMSip"
2190794,"@117153 I redeemed a Spotify giftcard for 3 months but it has not reflected yet in my account, im from México btw, e-mail is __email__"
1444692,"@SpotifyCares Well, at least the Daily Mix ists seemed to have refreshed. I’ll see later whether it’ll continue to play after it hits the end of the mix.."
1923738,@116130 is it possible to add my student discount to my existing Spotify premium account?
239830,"@SpotifyCares Can't find option ""save to sdcard"" anymore in settings. How can I save music to sdcard now?"
965854,@SpotifyCares I don’t have any playlists downloaded to check that unfortunately.
2394386,@SpotifyCares any reason why I see my family plan was paid for this month but I'm seeing/hearing ads? Could we please rectify this?
2950170,@SpotifyCares Trying to reset my password and I’m getting a CSRF token is invalid. Can you help?
1991728,"@SpotifyCares Artist: spotify:artist:78XLiUvZTJiY3Sj0nIZRou
Invalid Album: spotify:album:5dLCJNnsjIQ6cF16XGovkU

Album is by: https://t.co/snjsiuqyIJ"
1533093,Hey @SpotifyCares @115888 why isn’t the Spotify-app already rescaled for the iPhone X? Such big company should have that done a week ago
827531,where did the replay button go? @115888 https://t.co/iJ5Ml0BLrb
187611,@SpotifyCares btw. reinstall didn’t help (as expected)… looking forward to get firewall / proxy requirements (i.e. what traffic needs to be unblocked)
1267533,@SpotifyCares Can't wait. We miss those songs already 😭 Thank you!
2234719,@115888 @SpotifyCares if you can add an album to a queue why not be able to add a playlist to a queue?
2462288,"@SpotifyCares Right so, I’ve resaved and redownloaded everything. Hopefully it stay this time."
324650,"Yo @115888 where is Almost like Praying in UK, uh?"
227978,@115888 now that the iWatch has cellular data will you guys please release an app for it. I don't like Apple Music. : /
1871623,@SpotifyCares the song literally has no name wtf spotify you trying to curse me
2513102,@115888 could we get a feature to see how many songs we listened to in a session like after listening to a playlist on shuffle for a few hours idk why but i want to know
257836,@SpotifyCares ay why y'all charge me twice?
173645,"@SpotifyCares Having some playback issues. Web player and app both won't play ""in album"" on my laptop. Clicking same song on artist front page works, but not in album itself. Any suggestions?"
2552631,"@SpotifyCares Thanks, sent!"
1476019,"@115888 @115940, I'm a student of life—Can I get the 5$ a month deal? https://t.co/PTgkbUUqRD"
1591189,"@SpotifyCares Hopefully it will be soon, right now the app looks terrible. Thanks again for your help."
1152035,"@SpotifyCares aaaah i see, thank you so much!!!! also please bring brother act by btob on spotify too!! aching for it! 😭😭"
257847,@125633 I'm not able to click in the box to type to add my bio?!?!?! Has anyone else had this problem?
2298900,@SpotifyCares No - i was playing on mobile and I’ve downloaded the songs. I was connected to spotty WiFi but the songs were still downloaded.
2125245,"Waiting impatiently for @84624's ""Shall We Dance"" to be on @115888 already 😭"
906947,@SpotifyCares App crashes every time I go to share a song. Tried reinstalling the app and no results. (Google Pixel running latest Android)
659577,@SpotifyCares I really wish I could marry Spotify because it always gets me 💍 Can I put a ring on it?
936649,"@115888 @SpotifyCares  @127637 franchement quelle arnaque votre forfait à 4,99 là il existe pas 😠😠😠"
258950,@SpotifyCares It’s chemicaliiz.  Thanks a lot.
274132,@181499 @SpotifyCares I have exactly the same issue!
1962698,@SpotifyCares I think it does that when I go from having service to a dead zone and then instantly getting service back. Second time it's happened.
2284423,"So @SpotifyCares, the tracks highlighted in red are the ones I care about. The rest I don't have much on an interest in - especially the remixes and acoustic tracks.

Meanwhile, this list is missing the new Weezer album which I actually cared about. Please allow filters! https://t.co/WgJb5JNz4V"
189893,@115888 My accounts won’t link and I’ve contacted @SpotifyCares AND @hulu_support and neither of them can help me😭
2672071,@SpotifyCares Just checked and it's up now.. cheers for the help tho
669961,".@SpotifyCares I got an email about registering for ""Spotify Soundwave,"" but it looks suspicious. Can you confirm if it's real? Thanks!"
2572206,@SpotifyCares Thanks
1035812,"@SpotifyCares hi I'm currently paying £14.99 but I'm now a student, how can I apply for a student account?"
385731,"@115888 I've upgraded to a student account, how long will it take to change on my settings? https://t.co/68VgDIHG4t"
2459286,"@SpotifyCares @118266 Saya lupa verifikasi alamat spotify family, tetapi saya ingin memakai spotify premium bagaimana ya caranya ? https://t.co/o3kAzufvos"
1127619,.@115888 @SpotifyCares she should be #11 fix this please https://t.co/MIKPwezRFh
911636,"@SpotifyCares Nine of that applies to me, at least not that i know of. My sd card works with everything else."
502679,@116130 why am i being charged twice. One payment of 9.99 and one of 4.99 (as im a student)
431452,@2069 @SpotifyCares Hello! The latest version of Spotify Web does not sync with Last.fm?
482497,@229753 @SpotifyCares can you fix this glitch?
1867064,@SpotifyCares It's really annoying. Spotify stops regularly bc they seem to not have received the payment. Why doesn't it work sometimes?
1474907,"@SpotifyCares Maybe I just don't know myself... Oh god, I didn't want to find out this way!"
1282490,@SpotifyCares Thanks. May be single most demanded feature. Can’t happen soon enough else risking an exodus of users to Apple Music.
2920785,Okay I thought I was the only one. But @115888 is down 🙃
1037537,"@115888 the way you guys use ""Behind the Lyrics"" is Genius ;) ;)
No really though, I love it. Never get rid of it PLEASE!"
1983343,"no matter how many times i go online, the time i have left to ""Go Online Within"" keeps going down - it's at 18hrs now 🤔@SpotifyCares"
1157291,@115888 Never does. Only played 1 or 2 songs n then pure ads or just stays.stuck on a loading ad
790317,"Oh, it only applies to Time Capsule? @SpotifyCares Doing some A B testing hmm?"
256086,Why is Cocoa Butter Kisses not on @115888? @167274
2360607,@115888 im having a complete nightmare how can I contact you
2810356,"Hello @SpotifyCares, I have recently moved countries but the page doesn’t let me update my country. Could you please help? Thanks!"
1234232,"@115888 COMPREM WOLVES NO ITUNES E FAÇAM STREAM NO SPOTIFY 

dois beijos https://t.co/hlQNzup33C"
2769152,@SpotifyCares ??
259472,@SpotifyCares I keep getting the following error on my #hpelitex3 #windowsmobile10 device. Any ideas? I just moved over from #groovemusic https://t.co/lNWrvrLWbB
152226,"@SpotifyCares Hi I got 3 months for 99c back when the offer was out in June, it expired and I was never informed and now I have been charged for 3 months of premium without one bill"
1464509,Ghostface Killers should be on Rap Caviar by now. Just saying @115888
1193643,@SpotifyCares But why that one album? Specifics plz
2526445,"@115888 you still haven’t optimized your app for #iPhoneX , yet @115900 and @116450 two companies known for poor customer service have?! Makes no sense. Time to cancel... #getyouracttogether #spotify #fail"
1999036,🆑😤 My problem with @115888: If I pay an individual account with a prepaid card the cost is of 9.99 (GBP) 🆚 3.400 (CLP) with a credit card.
1705660,"@SpotifyCares Hey I had issues with my payment and now website doesn't let me access my account says ""We're all mixed up"""
2866,@115888 You guys accept debit card payment?
948684,. @115888 @SpotifyCares qui après 10j découvre la 4g brésilienne et détélécharge ss prévenir TOUTES tes playlists avant 4h de bus. CREVE.
1926999,"@SpotifyCares Desktop, but I restarted the app and it was fixed. Initially was hoping it was a fun prank like rickrolling but more confusing."
1830851,@SpotifyCares is there seriously no apple watch app? Is it in the works??
1930595,@115888 I have a spotify account so you telling me if I have this the price I will be $5.00 a month or $5.00 added on my $10 plan????
1462715,@SpotifyCares My friend @60499 is having a problem activating her Premium purchase. Hope u can help her
506014,"@SpotifyCares There should be another option a frikken 4.99 deal where you can skip unlimited but can’t download or something. Personally for the sake of listening to music that you don’t even like and music that literally interests you least, its just not worth the anger it causes."
343656,What is matter with Spotify?? Keep crashing.. searching.. @SpotifyCares
43445,@115888 get on it https://t.co/QDIVxa4bDA
458062,@SpotifyCares But also can I have some of that #ad money?
2141710,"@SpotifyCares That link is 5yrs old, update 1 yr old, the apathy makes no sense. I can’t let my 8yr old listen to Spotify so you’re missing out on plays."
2627907,"@SpotifyCares Yes I took those steps. I hope it is over now, if not - like some of the cases described here: https://t.co/LImbiH04Km - i will report back."
2036384,"@115888 if I have a queue with a 12 song album and 2 singles, &amp; hit shuffle, why are t singles usually last two &amp; always in last 5 songs?"
79415,@SpotifyCares Being back sharing within Spotify! I️ cant stand the new social sharing only functions
2789404,"@SpotifyCares Yep - asking for a playlist (even vaguely!) or a specific song works absolutely fine. I've tried a range of artists all on Spotify but Alexa isn't playing nice. As I said, super weird because it was fine last week!"
1689809,@SpotifyCares Actually I think it might've been a comcast issue - everything is okay now. Thank you!
659580,"@SpotifyCares Thanks a lot, i listen to that playlist a lot and i love that song. It'd be awesome if you can add it!! Thanks!"
1162286,@SpotifyCares @393463 What's this about 60 days free? How can i redeem this?
2869641,@SpotifyCares So much for ‘digital remaster’ eh? :/
720059,@115888 I'm trying to bang out giggs new mixtape but your shuffle deaded it. Not cool it's why I dead you guys n move to @126972
1353059,@SpotifyCares Having problems with offline mode on my Honor 7. When I use my SD card for storage after every restart all downloads are gone!
2491632,@SpotifyCares Just send a DM with the info
430772,"Anyone else having issues w new @115858 iOS &amp; @115888 syncing with Bluetooth/car, not showing on lock screen? @AppleSupport @SpotifyCares"
488803,"@SpotifyCares I just found out there is a video function in spotify, but i cant seem to play any videos. I am in Norway, i have premium and my spotify desktop version is 1.0.68.407.g6864aaaf. Thanks in advance."
1317768,@115888 guys please launch the app inIndia. Got a chance to experience your app and it is LIT. We need you !!!
2442919,@115888 why can’t i see who follows my playlists. this should be a thing.
848530,"@SpotifyCares iOS 11.02, Spotify version 8.4.22.515 on an iPhone 6"
2774575,@SpotifyCares How can I get rid of music from @78832 on my suggested weekly playlist? The last thing I want is a cent of my money going to Jesse Lacey. Premium user request: take a stand and dump their whole catalog.
761987,"@SpotifyCares Nexus 6P, Android Oreo with latest security patch, Spotify version 8.4.22.857 armV7"
1853279,@SpotifyCares I’m not I just click on an album and nothing happens nothing starts to play
289646,"@147836 Is Spotify going to offer a military discount, like they do for students?"
172534,@115888 @2069 Why do you have paypal as option to pay in US and not in Brazil?
2662298,"@SpotifyCares nope, it still does that. should i update my iOS and Spotify, perhaps?"
2721698,@115888 when is iPhone X compatibility coming 😭😭😭
1805573,@115888 EGYPT PLEASEEEE
2049178,@167274 @83909 all i want for christmas is merry christmas lil’ mama on spotify. PLEASE @SpotifyCares
189851,@115888  if i pay 10$ /m and im a student how do i get the discount ?
2352391,@SpotifyCares No such luck
2066340,@SpotifyCares I’m thinking about getting Spotify next month do i get a free trial with the family plan
293863,"@SpotifyCares Hey there, I'm having difficulties about my student subscription. I paid but not renewed. Can I get help?"
2094269,"Hey @115888, why after my screen turns off does it show up as unavailable to play on on the other phone instantly it's so fucking stupid https://t.co/IpQGj2xco5"
814436,How effective ads on @115888 are? Creepy sounds have a clear goal of attract premium users; but: Could right sounds attract listeners? #DIY
899936,".@115888 has failed me. Where is ""Lean like a Cholo?!"""
373041,Yo @SpotifyCares you just ran an ad that required me to be in ap and to watch all the way through while i was in the shower. Thats fucked.
2818173,"@SpotifyCares But
But why
It makes no sense"
2610031,@115888  HURRY UP !!!! WHERES PERFECT VELVET ??
1740085,Hey @SpotifyCares why isn’t @115888 updated for iPhone X? You’ve had how long to update?
2126348,"@SpotifyCares all my playlists have vanished and replaced by 4 I've never seen. Only one account, no social links - what to do?!"
2473648,@115888  https://t.co/Yqwfo5TJfL
1132384,@115888  snälla byt dag för när ni  tar pengar från kontot??? Ni har valt dagen då studenter har 3kr på sitt konto
1349643,"@SpotifyCares still no answer, do I have to delay my song ?"
1621632,"Hey @115888 
Suggestion: we can change playlist pictures via our mobile apps."
1214629,@SpotifyCares Nope! Browse recommended stuff...
52351,"@SpotifyCares I update my payment method before I was billed, was still billed to the old method and you have now overdrawn my account"
1099433,@115888 why are collaborative playlists so difficult to workout 🤔🤔
497714,@SpotifyCares hey! ok there's a song I listened to non stop in like July and August but I didn't add it to my playlist and now I can't find it :-( Pls help
2822719,@SpotifyCares Why bother even having it if it is not even a shell of itself? I’d rather not even have the option then to have some watered down awful UI version. Makes you guys look bad
381241,@115888 Not available for mobile payment. :( Is there someone can teach us how?
823266,Best in the biz HANDS DOWN @SpotifyCares
2426220,"@SpotifyCares @147131 You've been saying that for years, and yet nothing has ever been offered? 💩💩"
994571,@SpotifyCares app logged me out and was set to offline. Won't let me log in because of that and can't change it because i can't log in-help?
976826,@SpotifyCares yeah the three little lines are crooked. look at the grid overlaid on the picture i tweeted
2917917,"@SpotifyCares Spotify was down last evening, don’t know how it is anymore as I slept through the night but I think it probably works by now😅"
2851466,"@SpotifyCares I've been waiting for the playlist to be ""more in tune"" since weeks but nothing is changing..."
1021166,@SpotifyCares why do I keep getting logged out of my account multiple times?
1903867,"@SpotifyCares have an accout with you danielnorris54321, logged out. Forgotten email for password. Any assistance?"
1233745,"@SpotifyCares Hi spotify! Where can I find an email address to contact someone about jobs, please?"
2904475,Har @115888 endret algoritmen for Discover Weekly? Denne uka er det bare musikk jeg ikke har hørt før og mye ukjente artister. Digger det.
2708590,"@spotifycares Please help. I'm being charged twice a month, but only have one account. How can I locate the second account that's charging to my visa? I've tried suggestions on your help page and am stumped."
528375,"Hey @115888, Could you guys add this brand new Xmas single by @23298 to some of your Christmas/holiday playlists? Xo 🎄☃🎅🏻
[ To: @SpotifyCares @116130 @117168 @126761 @2069 @191335 @22875 ]

https://t.co/yZInuR6eBi"
2633304,@SpotifyCares hey there your premium family invite process is super frustrating. “Please match requested format” comes up. But the email is correct. No indication what is wrong. Help! Thx.
1867681,@SpotifyCares Can you credit my last 2 months that went through on my Mastercard and charge the 2 months back on my new Visa card
1403150,@115888 please help me! I can't join spotify premium for family. It's told me ' it's has some errors.'  😰
2358989,"@SpotifyCares ""It looks like you are using your Facebook credentials to log in to Spotify. To change your Facebook password go to your settings page at https://t.co/ShFuLmC95N."" is the msg I get but then it won't let my FB log in either."
2805319,"@115888 don't have an access with the email address i linked to my spotify account. Now, i want to deactivate. Help me solve this"
2438680,@SpotifyCares how am I suppose to provide proof of being a student within the last 3 months when I got accepted over a year ago???
609562,@SpotifyCares We used the Contact Us section on the website to get this resolved. Thanks
2369730,"@SpotifyCares my Facebook account is connected to Spotify, if I receive updates on new music, will I receive them on my email account?"
2627890,WHY ISNT THE ALBUM ON SPOTIFY @115888 HELP
894360,@332354 @SpotifyCares @spotifycares has ignored this request over 500x since 2012 (check it out at https://t.co/qdyBfUMrxi )
1320118,"@SpotifyCares This, where do I opt out? https://t.co/iSuWs6VY4W"
1089031,"@SpotifyCares Yes hi why does the song ""I Put a Spell on You"" by the cast of the major motion picture soundtrack Hocus Pocus not stream on your service"
130403,aye @115888 u should be able to save playlists and change them and make them personal
2363301,"@SpotifyCares It’s more I want to be able to save albums but not have every track of that album saved in my songs. In fact I might want none of the tracks in my songs, but still save the album."
165028,@SpotifyCares Very nice! I am more into calm (yoga like) music. And I would love if you could make a playlist for me!
2794496,@SpotifyCares How do i clear the space then? Because it keeps going up and up.
2259043,@SpotifyCares you guys arent helping me at all. You stupid cunts.
538050,@115888 give me my money back now
648655,@SpotifyCares I want to transfer all my music/playlists/etc to a new account I want to make. How can you guys help me?
2723469,@763971 @147836 Excellent news. When will applications be opening?
1766358,.@115888 @SpotifyCares You guys need to fix shuffle play i can predict what song is going to play after 1 song plays xD
1942017,@SpotifyCares   Valerie Rushton (valeriespot) £9.99 paid from my bank a/c 23.10.76 but premium not activated.
14943,@115888 https://t.co/IZGJd5KWjz put this on spotify please
528363,"@SpotifyCares thanks PK, but I figured it out. have a good day 😎"
97657,"@SpotifyCares hello i mistakenly subscribe premium with account that i forgot the password for both spotify and email, all i have is the card i use to subscribe. What can i do?"
2937773,@SpotifyCares any word on when we’ll be able to block users from following us?
835861,@125633 Is there any chance to make the Mobile App for Android users?
160543,.@SpotifyCares how can I unlink Spotify account from my Facebook account?
2426225,@SpotifyCares When will it be? A sister needs new Taylor to jam to
1754500,"@SpotifyCares Again, shows albums saved but not downloaded, and I had to log out just to get this."
2759238,@115888 your Discover Weekly personalised playlists used to be awesome.  Now its giving me music that is simply awful 🙁
704749,@SpotifyCares thought I’d cancelled my Spotify membership hardly used now been billed for it and I won’t use it this month any chance of it being refunded? Can’t afford it.
1950482,@SpotifyCares I signed up for Premium 3 month trial two days ago. I am getting advertisements on my iPad. Why
1810753,@115888 how am I supposed to use you if I can't make an account because there is always an error?
1391773,@SpotifyCares when will the 'holiday/christmas' category be back? xoxo
2972063,Thank you Spotify! This is why you're the best baby! https://t.co/ALjI42fGsd
752511,@115888 any plans to drop Flash for the web player in the near future? https://t.co/dSLKKPyd8p
1794833,"@SpotifyCares Ay lads, does your web player still use Flash? If so, any plans to get rid of this?"
1963910,@SpotifyCares local files won’t transfer to iPhone despite being on same WiFi as PC? Accurate playlist length shown just not the songs
110099,"@140445 Explain why Spotify has 1,600+ employees and can't play music without skipping, but Winamp was written by two people and does not skip."
1228146,Hey @SpotifyCares dm me back 🙄
447861,"@115888 @SpotifyCares Spotify Slovenia soon??? 
Yes, please!"
796692,@SpotifyCares It is an #amazing album. @35357 at his finest
2176131,Hey @115888 any chance of adding Morrissey’s album Southpaw Granmar?? One of his best IMO. Thank you 🙏🏻
2504248,I wish you could DM friends on @115888 to share music in the same way that I send memes to friends on Instagram.
2259601,"@115888, I’m so deeply ready to ditch @318. I️’m gonna need you to work on expanding your podcast catalog. Some key faves are missing!"
1183521,@SpotifyCares it wont let me DM as your acount isn't following me
373743,"@SpotifyCares I'm having issues where even though songs are downloaded and in my playlist, they won't play."
1067193,@SpotifyCares I’m am using a iPhone 7 and no I’m not getting any error messages I don’t know what the problem is.
2363273,30 days free @116130 - just signed up and have £9.99 taken! Fuming!
1659893,@115888 I've already redownloaded your app because my music has been skipping and it's still doing it. I don't pay $10 a month to hear that
829598,@SpotifyCares Sent!
2710071,@116130 @SpotifyCares @118062 when will ‘reputation’ be on Spotify!?😫😍
2913851,@115888 whats the problem actually i cant search music or artists pls help me (it isnt a connection problem I already try it) https://t.co/UGBx8fjChc
2904466,@SpotifyCares Also no update happened during !
1306142,"@115888 It's cool that y'all have podcasts now?! But yo, where's the Joe Rogan Experience??? @425231"
1174196,"Hey @115888 my #discoverweekly is a little weak this week. 

Just sayin."
1892488,"@SpotifyCares hey guys, need help pls 1. i’d like to get my profile verified as an artist on spotify  2. my new ep has already been linked to another artist profile"
2466898,@115888 @109236
1850802,"@spotifycares hey, i have two accounts through rogers on their 2yr free promo. about to expire.. is there a way to get them on a family plan"
557255,@115888 I tried to buy your new year long thing. There’s no ‘buy it now’ link on the webpage the email goes to.
2848318,Still no response from @SpotifyCares @115888. Said realize situation isn't ideal. Uh ok. Privacy violation not a big deal. At all. https://t.co/LMNIURNNta
283243,@SpotifyCares https://t.co/1w4lAJQRZC is a third.
2050089,"@SpotifyCares Ok, will dm"
129751,@115888 Is this legit? How to avail this?
2239632,@117153 I need help with a school project; I can’t find support on the website or @spotifycares but could you tell me how many of your users are teenagers?
1664560,@115888 WHERE’S SEVETEEN’S NEW ALBUM .
1293228,@SpotifyCares __email__
2954691,@SpotifyCares I don't see any way to type anything back with I go into the private messaging?
2400976,@SpotifyCares Yay!! Thanks Spotify!
2853007,"@115888 Spotify client to LG webOS 3.5, please!!!"
2844582,"i have to say that nothing makes me want to hulk out more than the biweekly @115888 ""Epic collection friend. Your library is all filled up. To save more, you'll need to remove some songs!"""
2717756,"@SpotifyCares @629097 @115888 omg, we love you, @spotifycares. (also, megan, also moody, also writer)"
1893231,why aren't there more mcfly albums on spotify @115888 fix this
2065303,"@SpotifyCares y’all are trash, you can’t even fix my account but you can tweet at other people, cool."
1298054,@SpotifyCares Yes it did. Thank you!
905976,"@SpotifyCares Page two, signal, twiceCoasterLane:1"
399323,"Fuck, @115888 keeps undowloading all my downloaded playlists... wtf"
685843,"@SpotifyCares i payed for Spotify premium on the 18th of November for next month, but then i got this email today- https://t.co/uugIC9Fk91"
1532323,@475301 @SpotifyCares any setting suggestions I should try?
1890679,@SpotifyCares my daughter invited me to join family plan. Keep getting error message. Premium code not valid. Help please.
301173,@SpotifyCares Nope :(
656478,"@SpotifyCares ok sounds good. Yeh the drag and drop could use a bit of love. All good for now, thanks"
2397299,@SpotifyCares Any ideas why I can’t listen to Spotify through the Bluetooth in my car after the update?
2539786,"Help, why isn't Spotify letting me play HNDRXX"
1445714,@115888 When are you coming the South Africa?
1933187,Spent 10 minutes in figuring out to subscribe to @115888 premium from iPhone app and failed! 🙄😠.
1527864,@115888 please make an Apple Watch app!!!
1215730,"@SpotifyCares I have a galaxy tab 7.0, android 4.4 and previous version to last version of Spotify"
1531538,@SpotifyCares Also tried uninstalling/reinstalling on both.
1287769,@SpotifyCares No it played one song and then played more ads. I don’t think it crashed at any point
1132351,@115888 need a function where you can share music with your friends in-app
1601182,@SpotifyCares Happens on everything. Soundcloud is noticeably louder. Nope
956463,@SpotifyCares Hi! I'm having issues with my spotify where it pauses randomly saying its being used elsewhere. Thanks ^^
2438667,@SpotifyCares Wow! Super fast reply. Thanks for the feedback. Will certainly do! Hope it launches here soon 🤞🏻
2225651,but why the hell was reem by joey essex recommended for me @115888 what are u doin to me
